BedroomAbvGr,BsmtExposure,BsmtFinSF1,BsmtFinType1,BsmtUnfSF,GarageFinish,GrLivArea,KitchenQual,LotArea,LotFrontage,MasVnrArea,OpenPorchSF,OverallCond,OverallQual,TotalBsmtSF,YearBuilt,SalePrice
3.0,0,922,0,392,0,1314.0,0,8400.0,70.0,0.0,0,6,5,1314.0,1957,145000
3.0,0,0,1,799,0,1571.0,0,7837.0,59.0,0.0,40,7,6,799.0,1993,178000
2.0,0,0,1,796,1,796.0,0,8777.0,67.0,0.0,0,7,5,796.0,1910,85000
3.0,0,569,2,162,1,1768.0,1,7200.0,60.0,252.0,0,7,5,731.0,1937,175000
3.0,0,218,3,808,1,1691.0,1,5000.0,50.0,0.0,0,6,5,1026.0,1924,127000
3.0,0,894,2,0,1,894.0,0,9800.0,70.0,0.0,0,7,5,894.0,1972,149900
3.0,1,0,1,684,2,1560.0,1,11911.0,107.5,0.0,38,5,6,684.0,2005,174000
3.0,0,735,4,61,1,1154.0,1,5436.0,40.0,0.0,96,8,4,796.0,1922,125500
3.0,0,588,1,606,2,1422.0,1,12090.0,78.0,210.0,0,6,6,1422.0,1981,175500
3.0,1,0,1,1496,1,1496.0,1,9158.0,76.0,140.0,130,5,8,1496.0,2007,225000
3.0,2,187,3,0,1,913.0,0,8400.0,70.0,0.0,0,5,6,814.0,1966,129000
3.0,1,516,2,380,0,1086.0,0,13400.0,85.0,415.0,0,5,5,1024.0,1966,159950
3.0,0,704,2,567,0,1601.0,0,11880.0,82.0,206.0,0,5,7,1271.0,1978,157000
3.0,0,454,4,314,1,1986.0,0,13600.0,85.0,176.0,42,6,7,768.0,1965,205000
3.0,0,0,1,1164,1,1164.0,0,9600.0,80.0,168.0,0,5,7,1164.0,1969,140000
4.0,0,0,1,1010,0,2267.0,1,8068.0,69.0,0.0,46,5,6,1010.0,2002,200000
3.0,3,35,1,905,1,2259.0,1,17869.125,69.0,184.0,120,5,6,1809.0,1953,217000
2.0,0,180,3,0,0,825.0,0,8235.0,49.0,0.0,50,7,5,825.0,1955,125000
3.0,0,535,4,155,2,1426.0,0,7950.0,75.0,140.0,0,6,6,690.0,1977,159500
3.0,0,1398,2,0,2,1651.0,0,12416.0,47.0,132.0,0,5,6,1606.0,1986,184000
2.0,0,0,1,768,1,789.0,0,10594.0,55.0,0.0,0,5,5,768.0,1926,96500
6.0,0,500,3,748,1,2634.0,0,11643.0,91.0,368.0,0,5,5,1248.0,1969,200000
3.0,0,0,1,1042,1,1576.0,0,6240.0,52.0,0.0,0,6,5,1042.0,1928,149000
3.0,0,0,1,783,2,1484.0,1,10237.0,65.0,0.0,72,5,6,783.0,2005,178900
2.0,0,833,1,343,0,1200.0,1,10083.0,67.0,0.0,41,5,7,1176.0,2003,184900
2.0,0,0,1,625,0,1250.0,1,4251.0,35.0,0.0,54,5,7,625.0,2006,164700
3.0,1,1406,5,496,2,1902.0,2,17500.0,100.0,0.0,207,8,7,1902.0,1959,335000
2.0,0,0,1,0,1,1040.0,0,8544.0,69.0,340.0,0,4,3,41.125,1949,87500
3.0,0,0,1,1502,0,1502.0,1,9541.0,79.0,268.0,114,5,7,1502.0,2009,233170
3.0,0,0,1,1228,1,1228.0,1,8544.0,69.0,0.0,65,6,5,1228.0,1966,149350
3.0,0,375,0,457,1,1268.0,0,12144.0,60.0,0.0,28,7,5,832.0,1949,133000
2.0,0,468,0,396,1,864.0,0,5604.0,67.0,0.0,0,6,5,864.0,1925,98000
3.0,0,625,4,0,1,1686.0,0,10240.0,79.0,157.0,131,6,6,1686.0,1980,207500
3.0,0,1116,4,165,1,1620.0,0,9991.0,69.0,0.0,78,4,4,1281.0,1976,150000
2.0,1,685,5,173,1,858.0,0,7252.0,69.0,0.0,0,5,5,858.0,1982,134900
2.0,0,0,1,1293,0,1301.0,1,7200.0,60.0,0.0,121,5,7,1293.0,2006,187750
2.0,0,1024,1,481,0,1505.0,0,12160.0,107.5,90.0,0,4,6,1505.0,1953,149500
3.0,0,0,1,864,1,864.0,0,9353.0,71.0,0.0,0,5,4,864.0,1970,116050
2.0,1,1086,5,0,1,1224.0,0,7018.0,64.0,275.0,0,5,5,1086.0,1979,153337
3.0,3,1064,4,319,1,1383.0,0,13284.0,69.0,0.0,116,5,5,1383.0,1954,165000
3.0,0,641,2,175,1,816.0,1,6600.0,60.0,0.0,0,9,5,816.0,1982,130500
3.0,2,1309,5,35,2,1344.0,0,7060.0,78.0,200.0,0,5,7,1344.0,1997,206300
2.0,0,0,1,689,1,1392.0,1,3604.0,34.0,0.0,102,5,7,689.0,2007,146000
3.0,0,0,1,1065,1,1065.0,0,8892.0,80.0,66.0,0,5,5,1065.0,1960,126500
3.0,0,0,1,661,1,1250.0,0,5362.0,53.0,0.0,0,6,5,661.0,1910,139000
2.0,0,0,1,736,1,1452.0,0,4456.0,33.0,0.0,0,5,4,736.0,1920,113000
2.0,0,0,1,572,1,1096.0,0,9600.0,60.0,0.0,8,5,6,572.0,1924,79000
3.0,0,0,1,1428,2,1428.0,1,11639.0,95.0,0.0,120,5,7,1428.0,2007,182000
3.0,0,219,5,554,2,1658.0,0,8000.0,69.0,0.0,84,5,6,773.0,1995,188000
3.0,0,398,2,317,0,864.0,1,7200.0,60.0,0.0,0,8,5,864.0,1950,129000
5.0,3,0,1,686,1,1928.0,0,7082.0,69.0,0.0,0,8,5,686.0,1916,160000
3.0,0,0,1,1319,0,1537.0,1,8400.0,80.0,237.0,36,9,6,1319.0,1962,174000
4.0,1,0,1,879,2,1863.0,1,14054.0,58.0,0.0,17,5,7,879.0,2006,219210
3.0,1,765,5,252,1,2007.0,2,11003.0,85.0,160.0,52,5,10,1017.0,2008,310000
2.0,2,1567,5,225,2,1792.0,2,11846.0,72.0,415.0,49,5,9,1792.0,2003,374000
2.0,0,0,1,968,1,968.0,0,8520.0,60.0,0.0,0,6,5,968.0,1923,100000
4.0,3,619,4,435,1,2654.0,1,11029.0,69.0,220.0,65,7,6,1054.0,1968,250000
0.0,1,648,5,0,1,960.0,0,10246.0,69.0,0.0,0,9,4,648.0,1965,145000
3.0,0,0,1,1237,1,2761.375,1,13500.0,75.0,0.0,502,9,10,1237.0,1893,325000
3.0,1,0,1,2153,2,2643.0,2,13693.0,105.0,415.0,84,5,9,2054.125,2006,380000
2.0,2,1373,5,221,2,1646.0,1,3842.0,44.0,174.0,53,5,8,1594.0,2004,275000
3.0,0,1258,5,40,1,1298.0,1,11200.0,69.0,85.0,26,5,6,1298.0,1985,180000
3.0,1,0,1,1694,1,1694.0,1,10475.0,64.0,72.0,33,5,8,1694.0,2008,245350
2.0,3,498,4,460,0,958.0,0,12772.0,69.0,0.0,0,8,6,958.0,1960,151500
3.0,1,784,4,141,1,999.0,0,10205.0,69.0,0.0,72,5,5,925.0,1962,134500
2.0,0,0,1,780,1,1020.0,0,6342.0,54.0,0.0,0,8,5,780.0,1875,94000
3.0,0,533,5,281,0,1674.0,1,7500.0,69.0,0.0,96,5,7,814.0,2000,216000
2.0,2,1696,5,413,2,2113.0,1,10437.0,91.0,415.0,46,6,8,2054.125,1995,350000
4.0,0,156,3,692,2,2030.0,1,12046.0,69.0,298.0,224,6,6,848.0,1976,195000
3.0,0,0,1,626,0,1217.0,0,10762.0,75.0,0.0,28,6,6,626.0,1980,120000
3.0,0,0,1,1284,0,2169.0,1,9375.0,69.0,149.0,87,5,8,1284.0,2002,228500
3.0,0,595,5,378,2,1850.0,1,17869.125,69.0,0.0,98,6,7,973.0,1994,248000
3.0,0,25,4,247,1,1144.0,0,9204.0,71.0,0.0,88,5,5,1144.0,1963,124000
2.0,0,16,5,1330,2,1504.0,1,3182.0,43.0,14.0,20,5,7,1346.0,2005,191000
3.0,0,663,2,0,0,1309.0,1,10140.0,78.0,99.0,0,6,6,1040.0,1974,181000
2.0,3,204,0,356,1,1258.0,0,9060.0,60.0,0.0,0,5,6,560.0,1939,105000
3.0,0,0,1,978,0,1422.0,0,12342.0,69.0,0.0,0,5,5,978.0,1960,139900
4.0,0,608,0,834,0,1442.0,0,9750.0,75.0,243.0,0,6,6,1442.0,1958,157900
3.0,0,352,4,416,1,1200.0,0,11767.0,70.0,0.0,0,6,5,768.0,1946,130500
3.0,0,0,1,953,0,1664.0,0,8121.0,69.0,0.0,40,5,6,953.0,2000,172400
3.0,0,384,2,0,1,1360.0,0,7134.0,60.0,0.0,50,5,5,384.0,1955,130000
3.0,1,0,1,707,2,1414.0,1,9056.0,74.0,0.0,35,5,8,707.0,2004,178000
3.0,0,251,0,491,1,1342.0,0,9790.0,69.0,0.0,0,5,6,1372.0,1967,161500
3.0,3,507,0,286,1,1118.0,0,7800.0,65.0,0.0,0,7,5,793.0,1939,119900
4.0,0,503,0,449,1,2345.0,0,16560.0,80.0,0.0,0,8,6,952.0,1932,239000
3.0,0,705,4,1139,0,1844.0,0,11751.0,105.0,415.0,122,6,6,1844.0,1977,190000
2.0,0,387,2,96,1,987.0,0,1680.0,31.5,232.0,0,5,6,483.0,1971,85400
3.0,3,1200,2,410,0,1610.0,1,10603.0,69.0,28.0,68,7,6,1610.0,1977,205000
3.0,0,336,2,748,1,1080.0,0,9187.0,71.0,0.0,0,5,6,1084.0,1983,134000
3.0,1,1159,4,90,2,1622.0,0,17869.125,69.0,149.0,0,4,4,1249.0,1961,168000
3.0,1,714,5,88,2,1511.0,0,11207.0,70.0,0.0,75,5,6,802.0,1997,185000
3.0,1,1014,5,138,0,1152.0,0,14112.0,69.0,86.0,0,7,5,1152.0,1964,180500
4.0,0,420,4,490,1,1558.0,0,13710.0,75.0,0.0,0,5,5,910.0,1950,152000
3.0,0,380,1,397,0,1911.0,1,9554.0,80.0,125.0,81,5,8,777.0,1993,215000
2.0,3,860,4,132,1,1306.0,0,8712.0,64.0,0.0,0,7,5,992.0,1957,153000
2.0,0,0,1,849,1,2138.0,0,8100.0,90.0,0.0,156,5,5,849.0,1898,106000
4.0,0,0,1,1580,0,2466.0,1,11143.0,102.0,0.0,214,5,8,1580.0,2004,340000
3.0,0,600,0,312,1,1734.0,1,9786.0,77.0,0.0,0,7,6,912.0,1962,159000
3.0,0,0,1,862,0,1158.0,0,6000.0,50.0,0.0,0,7,6,862.0,1929,120000
3.0,0,0,1,0,1,1771.0,0,17869.125,100.0,75.0,0,4,5,41.125,1960,115000
2.0,0,120,2,958,0,958.0,0,4928.0,69.0,0.0,205,5,6,1078.0,1976,128000
3.0,1,48,1,1774,1,1828.0,1,11694.0,90.0,415.0,108,5,9,1822.0,2007,314813
3.0,0,292,3,476,1,1716.0,0,11409.0,60.0,0.0,0,4,5,768.0,1949,131000
3.0,1,1330,5,122,2,2713.0,2,14948.0,67.0,268.0,66,5,9,1452.0,2008,446261
3.0,0,425,3,459,1,1367.0,0,6240.0,52.0,0.0,0,6,6,884.0,1931,127500
4.0,0,299,2,611,1,1826.0,2,2500.0,50.0,0.0,0,8,7,910.0,1915,155000
3.0,0,334,2,322,0,1200.0,1,11249.0,105.0,0.0,26,5,6,1200.0,1995,177500
2.0,0,360,0,360,1,1382.0,0,12358.0,69.0,0.0,0,6,5,720.0,1941,128500
3.0,0,0,1,728,1,1456.0,1,8029.0,51.0,0.0,24,5,6,728.0,2005,176000
4.0,0,1361,5,88,0,2448.0,1,17869.125,52.0,415.0,76,7,8,1629.0,1994,402000
4.0,1,0,1,940,1,1964.0,0,8525.0,55.0,0.0,192,6,5,940.0,1911,130000
3.0,0,787,0,305,0,1092.0,0,8250.0,75.0,260.0,0,7,6,1092.0,1964,145000
3.0,0,607,2,506,1,1113.0,1,9600.0,80.0,0.0,80,7,5,1113.0,1950,147000
3.0,0,432,2,432,1,864.0,0,10500.0,70.0,0.0,0,5,4,864.0,1971,115000
3.0,0,0,1,994,2,1804.0,1,7500.0,60.0,0.0,60,5,7,994.0,1999,189000
4.0,1,0,1,1632,1,1632.0,0,17869.125,100.0,0.0,0,4,5,1632.0,1967,143000
4.0,0,956,2,384,0,2614.0,0,10800.0,90.0,0.0,243,7,6,1522.0,1974,240000
2.0,0,904,5,410,1,1314.0,1,5001.0,34.0,166.0,62,5,7,1314.0,2007,230000
3.0,0,674,5,76,0,1923.0,1,10186.0,107.0,0.0,39,5,7,750.0,1992,190000
3.0,1,712,5,761,0,1484.0,1,8400.0,70.0,109.0,35,5,7,1473.0,2004,213000
2.0,0,280,3,140,1,708.0,3,5330.0,50.0,0.0,0,7,4,420.0,1940,82500
3.0,1,1088,5,625,2,1713.0,2,9591.0,76.0,262.0,26,5,8,1713.0,2004,274900
3.0,0,374,4,363,1,1269.0,0,7931.0,70.0,0.0,0,6,5,1269.0,1960,155000
1.0,3,1721,1,356,2,2097.0,2,17869.125,49.0,0.0,267,5,8,2054.125,2005,423000
3.0,3,360,0,504,0,864.0,0,9560.0,107.5,0.0,0,7,5,864.0,1972,128500
3.0,1,936,5,168,2,2184.0,2,11308.0,96.0,154.0,102,5,9,1104.0,2008,335000
2.0,0,1456,5,168,0,1624.0,1,12461.0,89.0,0.0,114,5,8,1624.0,1994,262000
3.0,0,906,0,134,1,1040.0,0,11200.0,70.0,0.0,0,5,5,1040.0,1965,129500
3.0,0,0,1,884,2,2035.0,1,9505.0,69.0,180.0,48,5,7,884.0,2001,222500
3.0,1,437,3,0,2,1494.0,2,9549.0,31.5,0.0,30,5,8,1494.0,1995,270000
2.0,0,904,5,410,0,1314.0,1,5063.0,34.0,166.0,62,5,7,1314.0,2007,207500
3.0,0,384,2,143,1,1743.0,0,11700.0,90.0,365.0,0,6,6,702.0,1968,175000
4.0,3,48,4,422,0,2127.0,1,13125.0,103.0,0.0,192,5,7,1104.0,1991,238000
6.0,0,210,1,570,1,1716.0,3,5687.0,55.0,0.0,184,6,5,780.0,1912,135900
3.0,3,733,1,625,0,1358.0,1,6371.0,44.0,128.0,35,5,7,1358.0,2009,224000
3.0,0,0,1,384,0,1430.0,0,9967.0,76.0,0.0,0,5,7,384.0,2000,170000
2.0,0,410,5,811,0,1221.0,1,7500.0,62.0,0.0,113,5,7,1221.0,2004,185000
4.0,0,0,1,912,2,2094.0,1,9375.0,75.0,0.0,182,5,7,912.0,2003,263000
3.0,0,553,0,0,1,864.0,0,8281.0,60.0,0.0,0,5,5,864.0,1965,62383
3.0,0,567,0,413,0,1053.0,2,8973.0,69.0,85.0,80,7,5,1008.0,1958,150000
3.0,2,1390,2,0,2,1701.0,0,16647.0,69.0,0.0,0,5,5,1390.0,1975,171000
3.0,0,846,0,210,0,1056.0,0,8176.0,70.0,0.0,0,6,5,1056.0,1958,139000
3.0,0,256,2,906,1,1163.0,0,5820.0,49.0,0.0,98,8,3,1162.0,1955,126175
3.0,0,0,1,813,0,1665.0,1,8125.0,65.0,0.0,0,6,7,813.0,2007,205950
3.0,3,0,1,684,1,1196.0,1,12354.0,67.0,0.0,46,8,6,684.0,1920,110000
4.0,0,0,1,1926,2,2761.375,2,13518.0,104.0,415.0,78,5,9,1926.0,2008,485000
3.0,0,0,1,1304,1,1682.0,0,10400.0,80.0,288.0,0,6,7,1304.0,1970,174000
2.0,2,547,5,0,2,1072.0,0,3675.0,35.0,80.0,28,5,5,547.0,2005,145000
3.0,3,24,5,732,1,1547.0,1,8640.0,72.0,0.0,45,5,7,756.0,2009,215200
3.0,0,0,1,1905,2,1905.0,2,11670.0,84.0,302.0,191,5,9,1905.0,2006,320000
3.0,1,385,5,70,0,1661.0,1,10667.0,43.0,0.0,61,6,7,799.0,1996,212000
3.0,2,624,5,288,0,1350.0,0,9020.0,82.0,259.0,0,5,6,1248.0,1964,168500
3.0,0,0,1,1055,0,1845.0,1,11218.0,70.0,0.0,104,5,6,1055.0,1992,189000
3.0,0,0,1,533,0,1601.0,0,13825.0,85.0,0.0,34,6,5,533.0,1958,140000
3.0,0,592,2,99,2,1498.0,0,13031.0,69.0,0.0,44,5,6,691.0,1995,187500
3.0,0,222,5,769,0,1947.0,1,12552.0,100.0,0.0,136,5,7,991.0,2004,254900
3.0,0,902,2,196,1,1098.0,0,7390.0,69.0,151.0,0,7,5,1098.0,1955,135000
3.0,0,602,2,14,1,1054.0,0,9750.0,65.0,0.0,0,8,6,1054.0,1969,151000
3.0,0,308,0,620,2,928.0,0,6000.0,50.0,0.0,0,6,5,928.0,1957,112500
4.0,0,329,0,697,1,1820.0,0,9120.0,60.0,0.0,100,6,7,1026.0,1925,184000
5.0,0,523,5,301,2,2761.375,0,15863.0,102.0,0.0,63,3,7,824.0,1920,197000
5.0,1,0,1,1104,1,1788.0,0,11250.0,69.0,0.0,0,5,4,1104.0,1957,161500
2.0,0,247,1,310,1,1022.0,0,7200.0,60.0,0.0,30,4,5,1022.0,1910,85000
3.0,0,925,5,349,1,1274.0,1,8814.0,68.0,80.0,98,5,7,1274.0,2005,203000
4.0,0,0,1,1122,2,2504.0,2,11198.0,77.0,245.0,39,5,9,1122.0,2005,325000
3.0,3,904,5,536,2,2153.0,2,11050.0,69.0,204.0,142,5,9,1440.0,2000,313000
3.0,0,804,5,324,1,2031.0,1,9473.0,75.0,0.0,211,5,8,1128.0,2002,237000
3.0,0,0,1,764,1,1824.0,0,13515.0,60.0,0.0,0,6,6,764.0,1919,180500
2.0,0,486,4,522,1,1008.0,0,11425.0,69.0,0.0,0,6,5,1008.0,1954,137000
3.0,0,365,3,75,1,694.0,1,4280.0,40.0,0.0,0,6,5,440.0,1913,90350
4.0,2,936,0,396,1,1728.0,0,12640.0,55.0,0.0,0,5,6,1728.0,1976,150900
3.0,1,1162,2,426,0,1588.0,1,10264.0,78.0,183.0,29,5,7,1588.0,1999,214000
3.0,0,1302,1,90,1,1392.0,0,11341.0,69.0,180.0,0,6,5,1392.0,1957,121500
4.0,1,2096,5,300,2,2761.375,2,15623.0,107.5,0.0,78,5,10,2054.125,1996,745000
3.0,0,0,1,808,0,1969.0,0,11952.0,92.0,0.0,0,6,7,808.0,1977,190000
1.0,0,16,5,1330,2,1504.0,1,3182.0,43.0,16.0,0,5,7,1346.0,2005,181000
3.0,0,0,1,1276,1,1276.0,0,9571.0,68.0,0.0,0,3,5,1276.0,1958,60000
2.0,0,0,1,1800,2,1800.0,2,11923.0,107.5,0.0,136,5,9,1800.0,2007,239000
3.0,1,816,5,0,1,816.0,0,11841.0,81.0,104.0,32,5,6,816.0,1990,118500
2.0,0,0,1,0,1,1040.0,0,7200.0,60.0,0.0,0,7,5,41.125,1950,109500
3.0,0,0,1,924,1,924.0,0,7990.0,88.0,0.0,0,6,5,924.0,1975,110000
2.0,0,0,1,832,1,832.0,1,7227.0,59.0,0.0,0,6,6,832.0,1954,105500
3.0,0,0,1,930,2,1886.0,1,11214.0,69.0,0.0,0,5,7,930.0,1998,199900
3.0,3,485,2,1496,0,2196.0,1,14684.0,90.0,234.0,70,7,7,2054.125,1990,271900
3.0,3,841,4,198,1,1039.0,0,11625.0,75.0,0.0,0,4,5,1039.0,1965,131500
3.0,0,0,1,720,1,1271.0,0,17869.125,107.5,0.0,0,5,5,720.0,1948,135000
4.0,0,241,0,229,1,1367.0,0,8405.0,50.0,0.0,130,8,5,861.0,1900,119000
3.0,0,0,1,791,2,2093.0,0,17869.125,46.0,123.0,63,6,7,791.0,1986,215000
3.0,1,460,4,404,1,864.0,0,15523.0,36.0,0.0,0,6,5,864.0,1972,133500
4.0,0,0,1,804,1,2447.0,1,9638.0,50.0,0.0,0,7,6,804.0,1919,169000
3.0,2,763,5,173,0,1054.0,1,8800.0,80.0,156.0,0,7,6,936.0,1963,137500
3.0,0,206,2,914,1,1120.0,0,8402.0,70.0,0.0,30,5,5,1120.0,2007,147000
3.0,1,0,1,1616,0,1616.0,1,8688.0,73.0,228.0,59,5,7,1616.0,2005,232000
3.0,0,836,2,237,0,1073.0,0,10289.0,79.0,168.0,0,7,5,1073.0,1965,156000
2.0,1,1071,2,195,0,1389.0,0,10010.0,77.0,0.0,38,5,5,1389.0,1974,170000
1.0,0,262,4,599,1,861.0,0,12342.0,69.0,0.0,0,5,4,861.0,1940,82500
3.0,0,350,2,0,0,1135.0,1,7200.0,60.0,0.0,0,9,7,560.0,1936,155000
4.0,2,1150,5,316,0,2761.375,1,9965.0,77.0,340.0,144,5,8,1466.0,2006,424870
2.0,0,1180,5,415,0,1616.0,1,5389.0,39.0,0.0,152,5,8,1595.0,1995,236500
3.0,2,1157,2,280,0,1437.0,1,10768.0,90.0,0.0,21,8,5,1437.0,1976,218000
3.0,0,0,1,1630,1,1630.0,1,9750.0,75.0,171.0,234,5,7,1630.0,2000,213000
3.0,2,1274,5,526,2,1800.0,1,14331.0,85.0,415.0,78,5,8,1800.0,2002,312500
3.0,0,0,1,528,0,1855.0,0,9600.0,80.0,360.0,100,7,6,528.0,1976,187000
3.0,0,0,1,841,2,1675.0,0,17869.125,69.0,0.0,103,5,6,841.0,1999,181000
4.0,0,656,5,300,0,2084.0,1,10142.0,76.0,0.0,45,5,7,956.0,2004,233000
3.0,3,236,3,0,1,1111.0,0,9084.0,60.0,0.0,0,6,5,616.0,1941,95000
2.0,0,0,1,270,1,729.0,0,4130.0,56.0,0.0,0,6,3,270.0,1935,52000
3.0,0,0,1,1362,1,1586.0,0,17043.0,48.0,0.0,0,5,6,1362.0,1979,181000
1.0,0,1904,5,312,2,2234.0,2,17423.0,63.0,415.0,60,5,9,2054.125,2008,501837
3.0,0,614,4,244,1,858.0,0,8125.0,69.0,0.0,0,4,4,858.0,1971,88000
3.0,0,625,1,208,1,833.0,0,8780.0,69.0,0.0,0,5,5,833.0,1985,112000
3.0,0,504,0,319,1,1283.0,0,7763.0,70.0,0.0,0,7,5,931.0,1962,140000
3.0,0,1285,5,131,2,1644.0,0,9600.0,80.0,238.0,0,5,6,1416.0,1953,167000
3.0,0,565,0,818,1,1383.0,0,11600.0,80.0,175.0,45,5,6,1383.0,1960,145250
3.0,0,790,2,589,1,2073.0,0,13175.0,85.0,119.0,0,6,6,1542.0,1978,210000
3.0,0,0,1,650,1,1539.0,1,10440.0,60.0,0.0,78,8,5,650.0,1904,157500
3.0,1,24,5,1528,1,1552.0,1,10084.0,84.0,196.0,20,5,7,1552.0,2005,212900
3.0,0,338,4,121,1,925.0,0,9100.0,70.0,0.0,0,6,5,925.0,1965,117500
3.0,1,24,5,1390,0,1414.0,1,8773.0,65.0,98.0,105,5,7,1414.0,2004,185500
2.0,0,0,1,1013,1,1526.0,3,8470.0,105.0,0.0,0,2,3,1013.0,1915,85000
4.0,0,528,3,1098,2,1712.0,0,8393.0,70.0,122.0,54,5,5,1626.0,1959,145000
3.0,1,0,1,1709,0,1717.0,1,11146.0,87.0,250.0,39,5,8,1709.0,2006,255500
3.0,0,0,1,636,1,1750.0,2,9000.0,50.0,0.0,0,6,5,636.0,1880,124000
2.0,0,0,1,698,1,1176.0,0,6000.0,50.0,0.0,0,9,6,698.0,1937,134900
3.0,0,0,1,1406,0,1936.0,1,11194.0,106.0,40.0,124,5,8,1406.0,2000,230500
2.0,0,322,2,536,1,858.0,0,7340.0,69.0,0.0,0,6,4,858.0,1971,110000
3.0,1,0,1,1079,0,1919.0,1,15611.0,107.5,0.0,51,5,8,1079.0,2006,233230
4.0,0,0,1,596,1,1762.0,1,7200.0,60.0,0.0,0,7,7,596.0,1920,157000
6.0,0,231,3,1497,1,1728.0,0,13101.0,74.0,108.0,0,5,5,1728.0,1965,142600
2.0,0,573,5,191,0,1626.0,1,2448.0,36.0,106.0,27,5,7,764.0,2003,154000
3.0,1,554,5,100,0,1496.0,1,17104.0,58.0,0.0,24,5,7,654.0,2006,179665
2.0,3,384,1,384,1,790.0,0,6292.0,52.0,0.0,141,5,6,768.0,1930,91000
3.0,0,0,1,793,0,1935.0,0,12384.0,69.0,233.0,113,7,7,793.0,1976,197900
4.0,0,403,1,400,0,1964.0,0,10480.0,80.0,415.0,69,6,7,803.0,1976,205000
3.0,0,0,1,588,1,1666.0,1,5100.0,69.0,0.0,63,7,8,588.0,1925,161000
3.0,1,595,5,390,1,985.0,0,8385.0,65.0,220.0,0,8,5,985.0,1977,149900
2.0,1,720,5,638,0,1358.0,1,8198.0,59.0,146.0,30,5,7,1358.0,2004,207000
1.0,1,662,5,186,1,848.0,1,4426.0,69.0,169.0,0,5,6,848.0,2004,143000
3.0,3,0,1,1085,2,1970.0,2,11065.0,86.0,415.0,74,5,8,1085.0,2006,281000
3.0,3,0,1,2046,2,2046.0,1,11844.0,80.0,415.0,82,5,8,2046.0,2008,372500
3.0,0,735,5,257,1,1865.0,1,10316.0,69.0,0.0,184,5,7,992.0,2000,235000
5.0,0,0,1,844,1,2134.0,1,11888.0,69.0,0.0,60,6,6,844.0,1916,214500
3.0,2,987,5,360,0,2646.0,1,9900.0,90.0,256.0,60,5,7,1347.0,1993,260000
2.0,0,600,5,312,1,1236.0,0,7407.0,90.0,0.0,158,7,6,912.0,1957,149700
2.0,1,301,4,239,1,902.0,0,8885.0,69.0,0.0,0,5,5,864.0,1983,131000
2.0,0,737,2,175,1,912.0,0,12968.0,69.0,0.0,0,6,5,912.0,1962,144000
3.0,2,639,4,441,2,1656.0,0,17869.125,107.5,112.0,62,5,6,1080.0,1960,215000
3.0,2,672,0,0,1,1382.0,0,17869.125,107.5,399.0,0,5,6,1362.0,1962,176000
4.0,0,0,1,0,1,2020.0,0,8400.0,60.0,320.0,0,5,5,41.125,1977,144000
3.0,1,504,1,506,1,1052.0,0,8816.0,80.0,80.0,0,7,6,1010.0,1971,155000
4.0,1,56,3,1198,0,2531.0,1,12257.0,65.0,415.0,98,5,8,1318.0,1995,290000
3.0,3,668,5,336,2,1852.0,1,9066.0,73.0,320.0,106,5,8,1004.0,1999,230000
3.0,3,1220,5,440,0,1660.0,1,10182.0,85.0,415.0,50,5,8,1660.0,2006,290000
2.0,1,1238,5,460,2,1709.0,1,5119.0,50.0,60.0,65,5,9,1698.0,1999,328900
3.0,3,832,5,80,1,912.0,1,6768.0,65.0,0.0,0,8,6,912.0,1961,142000
3.0,0,821,5,107,0,1764.0,1,15426.0,65.0,0.0,99,5,6,928.0,1997,231500
3.0,0,593,4,130,1,1395.0,0,12936.0,69.0,0.0,116,6,6,723.0,1972,162000
3.0,0,824,2,216,2,1040.0,0,7500.0,75.0,0.0,0,5,5,1040.0,1963,133000
3.0,2,56,5,2336,2,2392.0,2,13472.0,103.0,415.0,105,5,10,2054.125,2003,386250
2.0,0,397,4,706,1,1103.0,1,6000.0,50.0,0.0,120,6,6,1103.0,1925,110500
3.0,0,789,5,245,2,2078.0,2,10800.0,85.0,100.0,102,5,8,1034.0,2007,339750
2.0,1,116,4,604,1,803.0,0,5000.0,50.0,0.0,0,6,5,720.0,1941,87000
3.0,0,0,1,1092,1,1152.0,1,14000.0,80.0,0.0,36,8,6,1092.0,1950,158500
3.0,2,885,5,0,0,1173.0,1,10625.0,85.0,81.0,120,6,7,1053.0,1974,170000
3.0,0,0,1,0,1,1092.0,3,5600.0,70.0,0.0,0,5,4,41.125,1930,55000
4.0,3,0,1,747,1,1784.0,0,13132.0,96.0,0.0,40,5,5,747.0,1914,138887
4.0,0,0,1,570,0,1920.0,1,10192.0,102.0,143.0,98,6,7,570.0,1968,170000
3.0,0,0,1,1670,0,1670.0,1,14859.0,50.0,27.0,60,5,7,1670.0,2006,240000
2.0,0,0,1,600,0,1223.0,1,2544.0,31.5,0.0,166,5,7,600.0,2005,147400
1.0,0,1247,2,254,2,1801.0,0,15602.0,100.0,0.0,54,8,7,1501.0,1959,289000
4.0,0,0,1,1656,1,1656.0,0,9246.0,87.0,415.0,211,5,5,1656.0,1973,135000
3.0,0,216,2,540,1,1717.0,1,9550.0,60.0,0.0,35,5,7,756.0,1915,140000
4.0,0,0,1,1393,2,2599.0,1,14774.0,107.5,165.0,30,5,9,1393.0,1999,333168
3.0,0,386,3,342,1,1644.0,1,9480.0,79.0,224.0,0,7,5,728.0,1942,146500
4.0,1,970,5,166,1,2468.0,1,12099.0,99.0,388.0,154,5,8,1136.0,2004,354000
1.0,0,732,5,64,1,1362.0,0,14115.0,85.0,0.0,30,5,5,796.0,1993,143000
3.0,1,428,5,1048,0,1484.0,2,9037.0,64.0,32.0,33,5,8,1476.0,2006,265900
1.0,3,661,5,203,1,1200.0,1,9230.0,71.0,166.0,64,8,5,864.0,1965,146000
3.0,0,0,1,1064,0,1350.0,0,10140.0,78.0,174.0,0,5,6,1064.0,1974,165000
3.0,0,0,1,0,1,1152.0,3,6040.0,65.0,0.0,0,5,4,41.125,1955,82000
3.0,0,144,3,379,2,1680.0,1,10140.0,78.0,0.0,73,5,7,1650.0,1998,213250
3.0,0,0,1,540,1,1440.0,0,5000.0,63.0,0.0,0,4,5,540.0,1900,79000
3.0,0,695,4,519,0,1214.0,0,10355.0,69.0,196.0,111,5,5,1214.0,1967,143000
3.0,0,533,5,192,0,1479.0,1,13517.0,69.0,289.0,44,8,6,725.0,1976,130500
3.0,0,0,1,893,1,1801.0,1,10463.0,72.0,0.0,116,5,8,893.0,2005,239900
3.0,0,547,4,224,1,1494.0,1,7500.0,69.0,0.0,0,7,6,771.0,1942,177500
4.0,0,1085,5,390,1,2329.0,1,11839.0,86.0,99.0,121,5,7,1475.0,1990,262280
3.0,1,0,1,1588,1,1588.0,1,10000.0,85.0,410.0,45,5,8,1588.0,2006,227000
3.0,3,655,2,0,2,1194.0,0,8910.0,79.0,0.0,0,6,6,655.0,1959,159500
3.0,2,1200,5,279,0,1494.0,1,9236.0,79.0,0.0,27,5,6,1479.0,1997,217000
4.0,1,816,1,1217,2,2761.375,1,14720.0,56.0,415.0,86,5,8,2033.0,1995,410000
2.0,1,298,5,572,1,914.0,0,8846.0,57.0,0.0,0,5,5,870.0,1996,148000
3.0,0,16,3,712,1,1641.0,2,9600.0,60.0,0.0,0,7,7,728.0,1925,178000
3.0,0,0,1,1078,1,1573.0,0,6240.0,52.0,0.0,0,7,5,1078.0,1930,162900
3.0,1,1036,5,336,1,1472.0,0,14115.0,69.0,225.0,48,5,7,1372.0,1980,187500
4.0,3,660,2,323,1,1750.0,0,12508.0,75.0,0.0,0,7,6,983.0,1940,160000
3.0,1,20,5,846,0,1768.0,1,10769.0,68.0,0.0,105,5,8,866.0,2007,212000
2.0,0,616,3,580,0,1196.0,0,9000.0,72.0,74.0,44,5,6,1196.0,1956,139000
2.0,0,0,1,0,2,1126.0,1,8777.0,67.0,0.0,96,5,4,41.125,1949,108000
3.0,0,0,1,0,1,845.0,0,11500.0,69.0,0.0,0,3,4,41.125,1957,84000
3.0,1,562,1,29,0,1968.0,0,11075.0,69.0,232.0,189,4,5,784.0,1969,172000
4.0,0,392,4,392,1,1221.0,0,9738.0,60.0,0.0,0,7,5,784.0,1924,104900
3.0,0,0,1,684,1,1368.0,0,3600.0,60.0,0.0,158,7,6,684.0,1910,114504
3.0,0,321,0,162,1,987.0,0,1869.0,31.5,127.0,0,6,6,483.0,1970,106000
3.0,3,738,5,172,2,1442.0,1,10357.0,107.5,0.0,244,5,7,910.0,1990,179900
2.0,0,836,3,0,1,1220.0,0,8877.0,67.0,0.0,0,5,4,836.0,1951,102000
3.0,1,20,5,1480,0,1500.0,1,8487.0,63.0,210.0,36,5,7,1500.0,2004,190000
3.0,3,781,5,503,2,2450.0,1,16545.0,69.0,415.0,126,5,8,1284.0,1998,340000
3.0,2,912,5,1035,0,2207.0,0,17869.125,69.0,287.0,0,5,7,1947.0,1970,180000
2.0,1,686,5,501,0,1208.0,1,6762.0,64.0,24.0,61,5,7,1187.0,2006,206000
4.0,0,0,1,1050,1,1795.0,0,12150.0,81.0,335.0,0,5,5,1050.0,1954,131500
4.0,2,1440,1,0,1,1440.0,0,7711.0,42.0,0.0,0,3,4,1440.0,1977,150000
3.0,3,36,5,1176,0,1212.0,1,10420.0,83.0,0.0,22,5,6,1212.0,2009,186000
2.0,0,0,1,572,1,1111.0,0,5700.0,69.0,0.0,0,7,7,572.0,1926,116900
4.0,0,575,5,487,2,2715.0,1,8963.0,69.0,289.0,204,9,8,1142.0,1976,299800
3.0,1,0,1,880,2,1724.0,1,8924.0,57.0,0.0,155,5,7,880.0,1998,188000
3.0,0,569,2,678,1,1328.0,0,9790.0,69.0,415.0,26,5,6,1328.0,1963,143000
3.0,1,1016,1,36,0,1052.0,0,8400.0,70.0,168.0,0,5,5,1052.0,1968,138500
4.0,0,0,1,1288,1,2417.0,1,16059.0,107.5,284.0,82,5,8,1288.0,1991,260000
3.0,0,732,0,216,1,948.0,0,8190.0,60.0,0.0,36,6,4,948.0,1954,119000
3.0,0,0,1,728,1,2019.0,1,11414.0,60.0,0.0,135,8,7,728.0,1910,167500
2.0,0,0,1,440,1,869.0,3,5900.0,51.0,0.0,0,7,4,440.0,1923,85500
2.0,3,24,5,1530,0,1554.0,1,4590.0,34.0,108.0,73,5,8,1554.0,2006,209500
4.0,3,500,2,176,1,2112.0,0,11075.0,85.0,0.0,0,5,6,952.0,1969,206900
3.0,0,0,1,816,1,1416.0,1,17869.125,69.0,0.0,0,7,5,816.0,1918,112000
3.0,0,759,5,80,1,1593.0,0,7415.0,62.0,0.0,75,5,6,839.0,2004,193000
3.0,0,982,2,179,1,1381.0,1,9360.0,78.0,0.0,0,7,6,1161.0,1972,197500
3.0,0,620,0,0,0,1632.0,0,9600.0,80.0,183.0,0,6,6,1240.0,1958,139000
2.0,0,0,1,920,1,954.0,3,6305.0,50.0,0.0,0,7,5,920.0,1938,119750
4.0,0,0,1,0,0,1922.0,1,7301.0,64.0,415.0,0,5,7,41.125,2003,198500
3.0,0,560,4,420,1,980.0,0,7064.0,71.0,153.0,0,6,5,980.0,1977,135000
3.0,3,486,5,434,0,1786.0,1,11250.0,68.0,162.0,42,5,7,920.0,2001,223500
3.0,1,1369,5,317,0,1694.0,1,10084.0,75.0,186.0,57,5,8,1686.0,2004,307000
2.0,0,680,2,292,1,972.0,0,8000.0,50.0,0.0,0,6,6,972.0,1948,132000
3.0,0,988,0,200,1,1437.0,0,14175.0,69.0,0.0,0,6,5,1188.0,1956,168000
3.0,0,0,1,1055,2,2263.0,1,9240.0,69.0,396.0,45,5,8,1055.0,2001,287000
3.0,0,315,5,114,0,1725.0,0,11584.0,80.0,96.0,88,6,7,539.0,1979,197000
2.0,0,360,4,710,1,1236.0,1,10011.0,72.0,64.0,0,6,5,1070.0,1957,134450
3.0,0,369,3,671,0,1040.0,0,7560.0,70.0,0.0,0,5,5,1040.0,1959,133700
3.0,0,1218,5,486,1,1704.0,1,11478.0,98.0,200.0,50,5,8,1704.0,2007,306000
3.0,0,644,2,549,2,1523.0,0,11361.0,104.0,160.0,0,5,6,1193.0,1976,180000
3.0,0,0,1,1489,0,1489.0,1,11216.0,81.0,0.0,140,5,8,1489.0,2006,232600
1.0,0,988,1,398,1,1569.0,1,3635.0,51.0,130.0,20,5,7,1386.0,2007,175900
3.0,0,0,1,1212,0,1212.0,1,9100.0,70.0,0.0,0,5,7,1212.0,2001,178000
3.0,0,788,5,785,0,1573.0,1,9808.0,67.0,110.0,72,5,7,1573.0,2002,227000
4.0,0,247,0,485,0,1790.0,0,10400.0,80.0,288.0,0,5,6,732.0,1972,165150
3.0,2,1309,5,15,0,1576.0,1,17869.125,107.5,0.0,312,6,5,1324.0,1923,223500
3.0,0,503,0,361,0,1728.0,1,8791.0,64.0,0.0,56,5,6,864.0,2003,207500
3.0,0,0,1,1566,0,1600.0,1,14230.0,107.5,415.0,56,5,8,1566.0,2007,256300
3.0,2,1249,5,673,2,1922.0,1,14157.0,86.0,200.0,51,5,9,1922.0,2005,377426
3.0,1,0,1,846,0,1692.0,1,13159.0,83.0,0.0,114,5,7,846.0,2009,224500
3.0,1,24,5,1632,1,1656.0,1,11096.0,84.0,0.0,146,5,8,1656.0,2006,249700
2.0,0,0,1,641,1,1047.0,0,10800.0,60.0,0.0,0,7,4,641.0,1885,100000
4.0,0,1410,5,438,2,2728.0,2,17869.125,56.0,415.0,0,5,9,1848.0,2005,437154
3.0,0,490,1,935,0,1425.0,0,10175.0,100.0,272.0,0,5,6,1425.0,1964,180500
2.0,0,0,1,952,1,952.0,3,8854.0,69.0,0.0,98,6,6,952.0,1916,121000
3.0,0,716,2,274,1,990.0,0,13568.0,43.0,0.0,0,5,5,990.0,1995,156000
1.0,2,938,2,0,1,988.0,0,17869.125,69.0,0.0,130,5,6,938.0,1969,180000
3.0,0,1056,0,0,1,1056.0,0,8900.0,69.0,0.0,42,4,4,1056.0,1966,107000
3.0,2,1320,5,426,2,1746.0,2,14892.0,42.0,160.0,39,5,9,1746.0,2006,377500
3.0,0,0,1,832,2,1718.0,0,10141.0,74.0,40.0,94,5,7,832.0,1998,185000
3.0,1,444,2,76,0,1464.0,0,12886.0,70.0,0.0,0,6,5,520.0,1963,175000
3.0,0,0,1,831,0,1660.0,1,8935.0,68.0,95.0,68,5,7,831.0,2002,195000
2.0,0,456,5,1296,0,1752.0,2,7658.0,61.0,412.0,82,5,9,1752.0,2005,319900
4.0,0,498,5,652,0,2620.0,0,17869.125,69.0,1.0,24,5,5,1361.0,1977,190000
3.0,2,2260,5,878,2,2761.375,2,17869.125,107.5,415.0,406,5,10,2054.125,2007,184750
2.0,0,784,2,0,1,784.0,1,6130.0,50.0,0.0,0,6,5,784.0,1924,109500
3.0,0,932,2,108,0,1120.0,3,6970.0,85.0,0.0,0,5,4,1040.0,1961,129000
3.0,0,547,0,504,1,1382.0,0,11235.0,75.0,51.0,82,5,4,1051.0,1963,148000
3.0,3,438,0,234,2,1386.0,0,11616.0,69.0,328.0,0,5,6,672.0,1978,158900
1.0,0,0,1,0,1,334.0,3,5000.0,50.0,0.0,0,3,1,41.125,1946,39300
2.0,0,0,1,600,0,1200.0,1,3182.0,31.5,0.0,172,5,7,600.0,2004,151000
2.0,0,0,1,1375,2,1414.0,1,3072.0,69.0,18.0,20,5,7,1375.0,2004,178740
4.0,0,0,1,1584,1,1584.0,0,8944.0,65.0,0.0,152,5,5,1584.0,1967,124000
3.0,0,0,1,792,1,1517.0,1,11435.0,69.0,0.0,0,7,8,792.0,1929,230000
3.0,0,656,2,602,1,1258.0,1,11040.0,80.0,144.0,0,7,6,1258.0,1971,145000
3.0,0,599,5,277,1,902.0,0,6173.0,69.0,75.0,0,6,5,876.0,1967,125500
3.0,0,941,2,217,1,1158.0,1,13072.0,63.0,0.0,50,5,6,1158.0,2004,158000
2.0,0,713,2,163,1,964.0,0,13360.0,80.0,0.0,0,7,5,876.0,1921,163500
3.0,0,187,3,111,1,2380.0,0,17869.125,69.0,113.0,265,5,6,1021.0,1965,129000
2.0,1,724,5,508,1,1232.0,1,7314.0,64.0,82.0,0,5,7,1232.0,2007,194500
3.0,1,390,2,474,1,864.0,0,7180.0,60.0,0.0,0,7,5,864.0,1972,127000
3.0,1,421,5,386,1,1982.0,1,11287.0,82.0,340.0,84,6,7,807.0,1989,228500
3.0,1,956,5,130,0,1924.0,1,12011.0,78.0,415.0,75,5,8,1086.0,1998,280000
3.0,0,0,1,1276,1,2080.0,1,10918.0,53.0,0.0,0,9,7,1276.0,1926,234000
3.0,0,0,1,953,0,1647.0,0,7917.0,62.0,0.0,40,5,6,953.0,1999,175000
2.0,0,165,3,598,1,1617.0,1,8012.0,50.0,0.0,69,5,6,1604.0,1993,193000
3.0,0,0,1,0,1,1340.0,0,9060.0,60.0,98.0,0,6,5,41.125,1957,120000
3.0,1,1646,5,284,2,1940.0,2,10159.0,83.0,415.0,95,5,9,1930.0,2009,395192
4.0,0,444,0,550,1,1855.0,0,9525.0,75.0,0.0,0,4,6,994.0,1954,136900
2.0,1,747,2,0,0,884.0,1,9180.0,69.0,0.0,0,7,5,840.0,1983,144000
2.0,0,0,1,764,0,1626.0,1,2628.0,36.0,106.0,27,5,7,764.0,2003,175500
2.0,0,312,3,408,1,1284.0,0,3500.0,50.0,0.0,35,7,5,720.0,1947,110000
4.0,3,0,1,1128,1,2290.0,1,11250.0,69.0,0.0,0,5,8,1128.0,2002,255900
2.0,2,104,3,0,1,816.0,0,8472.0,107.5,0.0,0,5,5,816.0,1963,110000
4.0,0,1002,5,0,1,2183.0,1,13837.0,69.0,178.0,0,5,7,1204.0,1988,229000
3.0,0,1088,3,0,1,1869.0,0,8820.0,98.0,0.0,0,6,5,1088.0,1890,124900
4.0,0,364,0,554,1,1646.0,0,7128.0,53.0,0.0,0,5,7,918.0,1941,164000
2.0,0,976,5,868,2,1844.0,1,10994.0,88.0,366.0,44,5,8,1844.0,2005,257000
3.0,2,0,1,1571,2,1571.0,1,10991.0,89.0,80.0,36,5,8,1571.0,2007,239000
3.0,0,0,1,1362,1,2082.0,1,11426.0,63.0,0.0,238,5,7,1362.0,2003,200000
5.0,0,0,1,1907,1,1959.0,0,11070.0,82.0,70.0,0,5,7,1907.0,1988,171000
4.0,0,0,1,1181,2,2374.0,2,11999.0,93.0,340.0,100,5,8,1181.0,2003,285000
3.0,0,448,0,448,2,2142.0,1,13000.0,100.0,415.0,72,6,6,896.0,1968,193500
2.0,0,0,1,600,0,1200.0,1,3180.0,31.5,0.0,166,5,7,600.0,2005,144152
3.0,0,0,1,1053,0,1992.0,1,9375.0,75.0,415.0,45,5,8,1053.0,2003,250000
4.0,0,0,1,969,2,2285.0,1,11000.0,69.0,72.0,56,5,8,969.0,2000,248000
2.0,2,1219,5,424,1,1824.0,1,17869.125,69.0,351.0,48,5,7,1643.0,1971,302000
3.0,2,1261,5,572,2,1850.0,1,16033.0,98.0,378.0,112,5,9,1833.0,2004,326000
4.0,0,351,2,112,1,1355.0,0,10106.0,62.0,0.0,0,7,5,644.0,1940,127500
3.0,0,0,1,840,0,1668.0,1,11317.0,72.0,101.0,68,5,7,840.0,2003,180000
3.0,0,0,1,319,1,1406.0,3,7920.0,69.0,0.0,144,7,6,319.0,1920,89500
2.0,0,247,1,557,2,1888.0,1,16492.0,107.5,0.0,0,6,6,1517.0,1966,190000
2.0,3,767,5,461,2,1228.0,1,4671.0,40.0,0.0,120,5,8,1228.0,1988,189000
3.0,2,828,5,115,2,1638.0,0,9042.0,59.0,0.0,38,5,6,943.0,1998,192000
3.0,0,520,0,440,2,960.0,0,10921.0,73.0,48.0,0,5,4,960.0,1965,94750
3.0,0,1234,5,464,1,1698.0,2,13286.0,86.0,340.0,64,5,9,1698.0,2007,320000
3.0,0,354,0,412,0,1063.0,0,9920.0,80.0,110.0,0,5,5,1056.0,1954,128000
3.0,0,465,4,447,1,1236.0,0,6993.0,65.0,0.0,0,7,5,912.0,1961,135000
4.0,0,0,1,0,1,1535.0,0,7018.0,64.0,0.0,0,5,5,41.125,1979,118964
1.0,1,495,2,135,1,630.0,0,1890.0,31.5,0.0,0,7,4,630.0,1972,81000
3.0,0,273,4,0,0,1092.0,0,2217.0,31.5,0.0,0,4,4,546.0,1970,88000
2.0,0,1572,5,80,2,1652.0,2,13173.0,107.5,300.0,102,5,9,1652.0,2006,325000
3.0,0,572,0,572,1,1144.0,0,7875.0,75.0,136.0,0,6,5,1144.0,1961,139950
2.0,1,0,1,1795,0,1795.0,1,9986.0,75.0,415.0,49,5,8,1795.0,2006,147000
3.0,0,0,1,1541,0,1541.0,1,13704.0,107.5,150.0,81,5,7,1541.0,2001,205000
4.0,0,666,2,409,1,1507.0,0,7910.0,70.0,0.0,0,5,5,1075.0,1960,127000
2.0,0,0,1,776,1,1441.0,1,2645.0,31.5,415.0,0,5,8,776.0,1999,174000
3.0,0,0,1,1468,0,1479.0,1,9382.0,93.0,125.0,25,5,7,1468.0,1999,191000
2.0,0,358,2,125,1,987.0,0,1680.0,31.5,415.0,0,3,6,483.0,1971,89500
2.0,0,344,0,328,1,672.0,0,9340.0,50.0,0.0,113,6,4,672.0,1941,113000
4.0,0,378,1,342,1,2192.0,1,8400.0,60.0,0.0,24,8,5,720.0,1939,179500
3.0,0,1464,5,536,1,2000.0,1,10386.0,80.0,246.0,0,5,8,2000.0,2004,305900
2.0,0,0,1,1125,1,1125.0,0,8536.0,74.0,0.0,64,5,5,1125.0,2006,155000
3.0,0,0,1,0,1,1124.0,0,8335.0,77.0,0.0,36,5,5,41.125,1954,93000
3.0,0,1186,5,291,2,1839.0,1,14442.0,107.5,106.0,87,7,6,1477.0,1957,257500
4.0,2,697,0,747,2,2144.0,1,17869.125,69.0,415.0,98,7,6,1444.0,1958,277000
3.0,2,1201,5,105,1,2260.0,1,14000.0,80.0,0.0,44,5,7,1306.0,1996,328000
4.0,0,442,0,374,0,1977.0,0,9500.0,100.0,272.0,52,6,6,816.0,1964,165000
2.0,0,565,2,280,1,845.0,0,7599.0,69.0,0.0,0,6,4,845.0,1982,129500
3.0,0,648,5,176,0,1786.0,1,9337.0,69.0,0.0,162,5,6,824.0,1997,204750
3.0,0,0,1,588,2,2555.0,0,11526.0,79.0,0.0,0,7,6,588.0,1922,191000
4.0,0,1018,0,380,0,1700.0,1,10552.0,70.0,0.0,38,5,5,1398.0,1959,165500
3.0,0,786,5,173,2,1671.0,0,10852.0,58.0,0.0,38,5,6,959.0,2000,173000
3.0,0,0,1,780,1,1376.0,0,8600.0,50.0,0.0,0,6,6,780.0,1937,119500
3.0,0,0,1,1436,1,1689.0,0,9855.0,73.0,0.0,0,5,6,1436.0,1956,127500
3.0,0,0,1,718,1,2554.0,0,10800.0,60.0,0.0,48,8,7,718.0,1890,159500
4.0,3,0,1,876,1,1416.0,0,12665.0,100.0,0.0,0,8,5,876.0,1915,153900
2.0,0,708,5,108,1,816.0,0,7100.0,73.0,0.0,0,7,5,816.0,1957,129900
3.0,0,0,1,1090,0,1370.0,0,10400.0,80.0,189.0,0,5,7,1090.0,1976,152000
2.0,0,0,1,1442,0,1442.0,0,11717.0,69.0,415.0,0,6,6,1442.0,1970,185000
2.0,0,336,4,295,1,1285.0,0,8635.0,50.0,0.0,0,5,5,672.0,1948,127000
3.0,0,0,1,384,2,1474.0,0,8530.0,69.0,22.0,72,5,7,384.0,1995,168500
3.0,1,862,1,255,1,2013.0,0,9920.0,92.0,0.0,130,5,7,1117.0,1996,269790
3.0,0,33,5,1530,0,1563.0,1,10206.0,78.0,415.0,99,5,8,1563.0,2007,245000
2.0,2,1116,4,248,1,1663.0,1,17869.125,69.0,0.0,137,6,4,1364.0,1954,256000
4.0,0,0,1,720,1,1192.0,0,10800.0,60.0,0.0,0,4,4,720.0,1949,135000
4.0,0,0,1,1095,1,1774.0,0,9600.0,60.0,0.0,0,2,4,1095.0,1900,87000
3.0,3,464,5,927,0,1962.0,1,8760.0,73.0,0.0,90,5,7,1391.0,2006,239799
3.0,1,0,1,1302,2,1302.0,1,8993.0,73.0,0.0,22,5,7,1302.0,2007,176485
2.0,0,0,1,648,1,1118.0,0,4400.0,40.0,0.0,0,8,6,648.0,1920,116000
3.0,3,1121,5,645,2,1766.0,2,9187.0,85.0,162.0,130,5,9,1766.0,2009,370878
3.0,0,0,1,1237,2,1253.0,0,7875.0,63.0,38.0,21,5,7,1237.0,1995,176000
3.0,0,338,5,702,1,1097.0,0,9672.0,81.0,0.0,0,5,6,1040.0,1984,152000
3.0,0,734,5,344,2,1078.0,0,12537.0,69.0,0.0,0,6,5,1078.0,1971,149900
3.0,0,0,1,806,2,1572.0,0,10364.0,69.0,0.0,40,5,6,806.0,1995,168000
0.0,2,1258,5,74,2,1524.0,1,17869.125,69.0,0.0,0,6,7,1332.0,1979,260000
3.0,0,772,2,220,0,2060.0,1,8755.0,69.0,298.0,0,5,7,992.0,1999,214000
3.0,0,111,5,354,0,1344.0,1,14375.0,69.0,415.0,118,6,6,819.0,1958,137500
4.0,0,224,3,816,1,1818.0,0,7758.0,69.0,415.0,0,4,7,1040.0,1931,169500
3.0,3,903,0,126,1,1029.0,0,7943.0,61.0,192.0,0,5,4,1029.0,1961,118500
5.0,0,837,2,105,1,2521.0,0,3964.0,42.0,0.0,20,4,6,942.0,1973,151400
3.0,0,0,1,750,0,1500.0,1,8846.0,68.0,0.0,35,5,6,750.0,2005,173900
4.0,2,351,2,1043,1,2217.0,1,15865.0,95.0,0.0,207,6,8,2054.125,1970,268000
2.0,3,24,5,1346,0,1370.0,1,6442.0,44.0,178.0,49,5,8,1370.0,2006,202500
3.0,0,905,5,357,1,1262.0,1,7200.0,60.0,68.0,120,5,6,1262.0,2006,185000
4.0,0,624,5,193,1,1894.0,1,11316.0,80.0,44.0,40,5,7,817.0,2002,214900
3.0,0,0,1,1694,2,1694.0,1,12030.0,93.0,254.0,228,5,8,1694.0,2007,318000
2.0,0,524,2,160,1,864.0,0,10500.0,70.0,0.0,0,6,4,864.0,1971,97000
3.0,0,0,1,970,1,1709.0,1,2522.0,31.5,50.0,40,5,6,970.0,2004,130000
4.0,0,0,1,715,1,1738.0,0,12513.0,69.0,0.0,0,4,4,715.0,1920,104900
3.0,0,428,4,0,1,1319.0,0,10634.0,79.0,0.0,0,6,5,608.0,1953,123000
5.0,3,1470,5,203,1,2761.375,1,12376.0,90.0,0.0,0,5,7,1673.0,1990,320000
3.0,0,0,1,684,1,1355.0,1,6882.0,60.0,0.0,0,7,6,684.0,1914,127000
3.0,0,0,1,728,1,1306.0,3,5350.0,55.0,0.0,0,2,3,728.0,1940,76500
2.0,1,656,5,112,1,768.0,0,8445.0,70.0,0.0,0,7,5,768.0,1972,133000
2.0,0,851,5,140,0,1077.0,0,7420.0,50.0,0.0,4,6,5,991.0,1939,118000
2.0,0,331,2,318,1,1183.0,0,6000.0,50.0,0.0,176,7,3,649.0,1948,120000
3.0,1,0,1,728,2,1456.0,1,9018.0,65.0,0.0,24,5,7,728.0,2007,179540
4.0,0,0,1,975,2,2291.0,1,8738.0,66.0,302.0,0,5,7,975.0,1999,230000
1.0,1,685,5,163,1,848.0,1,4435.0,69.0,170.0,0,5,6,848.0,2003,140000
3.0,1,1280,5,402,2,2332.0,2,12474.0,96.0,272.0,134,5,10,1682.0,2007,426000
3.0,0,0,1,884,1,1348.0,0,6000.0,50.0,0.0,0,8,5,884.0,1925,117000
4.0,0,626,0,501,1,2108.0,1,13728.0,107.5,0.0,0,7,6,1127.0,1935,235000
3.0,0,637,0,0,1,1336.0,0,11040.0,60.0,0.0,47,6,4,637.0,1920,108000
3.0,2,5644,5,466,2,2761.375,2,17869.125,107.5,415.0,292,5,10,2054.125,2008,160000
2.0,0,457,2,193,1,1344.0,0,9503.0,69.0,0.0,28,5,5,1024.0,1958,144000
3.0,0,544,5,288,2,1935.0,0,8004.0,75.0,110.0,150,5,8,832.0,2009,263435
4.0,0,0,1,941,1,1470.0,0,8172.0,60.0,0.0,0,6,4,941.0,1954,135000
3.0,0,297,4,1203,0,2156.0,0,17869.125,69.0,0.0,80,7,7,1568.0,1968,262500
6.0,0,1332,0,396,1,1728.0,0,9100.0,70.0,336.0,0,5,5,1728.0,1963,125000
3.0,0,400,5,466,0,1768.0,1,9803.0,75.0,0.0,108,5,7,866.0,2005,226700
3.0,0,586,4,462,1,1048.0,0,10152.0,72.0,120.0,20,5,5,1048.0,1956,135000
3.0,0,0,1,864,0,1728.0,1,9313.0,65.0,0.0,56,5,7,864.0,2004,190000
4.0,0,259,3,425,1,2358.0,0,5250.0,50.0,0.0,54,5,8,684.0,1872,122000
3.0,1,786,5,82,1,1146.0,1,9590.0,73.0,415.0,22,5,7,868.0,2003,187500
3.0,1,1358,5,223,0,1601.0,1,11423.0,69.0,415.0,0,5,8,1581.0,2001,272000
4.0,0,57,2,554,1,1920.0,1,13650.0,69.0,0.0,0,5,5,1052.0,1958,172500
3.0,0,0,1,622,1,1363.0,0,7740.0,60.0,0.0,0,7,4,622.0,1910,125500
2.0,3,210,3,219,1,1148.0,0,6420.0,57.0,0.0,0,7,5,980.0,1952,123500
2.0,1,0,1,1286,0,1294.0,1,6762.0,64.0,0.0,55,5,7,1286.0,2006,193879
2.0,0,324,3,588,1,1248.0,0,9439.0,52.0,0.0,0,5,5,912.0,1930,87000
3.0,0,353,5,55,2,1419.0,1,7750.0,69.0,0.0,0,5,8,408.0,2002,184100
3.0,0,678,4,762,2,1440.0,1,12546.0,69.0,310.0,0,7,6,1440.0,1981,182900
3.0,0,0,1,1140,1,1140.0,0,17217.0,90.0,0.0,56,5,5,1140.0,2006,84500
3.0,3,859,2,216,1,2090.0,0,10382.0,69.0,240.0,204,6,7,1107.0,1973,200000
3.0,0,0,1,798,0,1640.0,1,7226.0,72.0,0.0,45,5,7,798.0,2003,183000
3.0,0,1138,5,270,0,1679.0,1,8125.0,65.0,258.0,42,5,6,1408.0,1994,193500
3.0,0,375,2,360,1,1218.0,0,6000.0,60.0,0.0,0,6,6,735.0,1941,131000
3.0,0,874,2,268,2,1142.0,0,4224.0,44.0,0.0,90,5,5,1142.0,1976,134000
3.0,1,1097,5,0,2,1110.0,1,9101.0,69.0,104.0,30,6,5,1097.0,1978,165500
3.0,0,1040,2,124,1,1164.0,0,10880.0,68.0,0.0,48,5,5,1164.0,1950,125000
3.0,3,0,1,596,1,1192.0,0,6402.0,60.0,0.0,0,5,5,596.0,1920,78000
3.0,1,0,1,1422,0,1422.0,1,8500.0,63.0,106.0,60,5,7,1422.0,2004,179600
3.0,0,702,4,192,0,894.0,1,9764.0,57.0,0.0,0,7,5,894.0,1967,130000
3.0,3,0,1,1082,0,1953.0,1,10574.0,85.0,0.0,50,5,8,1082.0,2005,252000
3.0,0,361,5,602,0,1792.0,1,12435.0,80.0,172.0,96,5,7,963.0,2001,231500
2.0,0,348,4,324,1,924.0,3,12180.0,60.0,0.0,0,4,4,672.0,1941,80000
2.0,0,623,2,0,1,752.0,0,7175.0,50.0,0.0,0,5,6,744.0,1984,125000
3.0,0,410,4,390,1,1740.0,0,13125.0,75.0,0.0,0,6,7,800.0,1940,219500
3.0,0,0,1,808,0,1593.0,0,9636.0,69.0,0.0,40,5,6,808.0,1992,178000
4.0,0,507,0,403,1,1385.0,0,8520.0,71.0,0.0,0,4,5,910.0,1952,166000
3.0,0,0,1,1257,1,1266.0,1,7500.0,62.0,0.0,144,5,7,1257.0,2005,176000
3.0,0,0,1,868,0,2021.0,1,17869.125,107.5,0.0,100,5,7,868.0,2006,274725
2.0,0,686,2,664,0,1334.0,0,9650.0,80.0,360.0,16,5,6,1350.0,1977,167900
2.0,0,510,4,90,1,1252.0,1,2160.0,31.5,212.0,48,5,7,600.0,1999,160000
5.0,0,168,0,0,1,2526.0,1,8520.0,60.0,0.0,15,7,6,714.0,1916,136000
2.0,2,1767,5,788,2,2402.0,2,15431.0,105.0,200.0,72,5,10,2054.125,2008,555000
3.0,3,0,1,611,2,1362.0,0,6155.0,60.0,0.0,0,8,6,611.0,1920,128000
4.0,2,1387,5,543,2,2761.375,1,17869.125,107.5,415.0,76,5,10,1930.0,1995,625000
4.0,0,565,5,638,1,2520.0,1,9950.0,82.0,290.0,114,5,7,1203.0,1995,290000
2.0,0,0,1,0,1,944.0,3,10206.0,74.0,0.0,0,3,3,41.125,1952,82000
3.0,0,842,2,70,1,912.0,0,8521.0,70.0,0.0,0,5,5,912.0,1967,125000
3.0,0,0,1,756,0,1553.0,1,8125.0,65.0,0.0,45,5,7,756.0,2005,186500
3.0,0,492,2,372,1,948.0,0,10215.0,75.0,132.0,0,5,4,864.0,1954,111000
3.0,0,822,5,78,0,1852.0,1,8640.0,72.0,0.0,108,5,7,900.0,2009,252678
2.0,0,0,1,440,1,1230.0,0,10440.0,60.0,0.0,0,6,5,440.0,1910,110000
3.0,0,680,5,400,1,1080.0,1,7500.0,63.0,120.0,0,5,7,1080.0,2004,141000
3.0,0,0,1,686,1,1250.0,3,8248.0,45.0,0.0,0,7,5,686.0,1918,116000
4.0,2,674,5,0,0,1611.0,0,9760.0,80.0,360.0,128,6,6,780.0,1964,167900
3.0,0,750,5,300,2,1949.0,1,9938.0,80.0,246.0,90,5,7,1050.0,1993,236000
3.0,0,551,4,121,1,1369.0,0,6629.0,54.0,0.0,0,6,6,672.0,1925,103600
3.0,0,0,1,384,2,1482.0,1,9125.0,69.0,170.0,25,5,7,384.0,1992,163900
2.0,0,0,1,993,1,1048.0,0,6380.0,58.0,0.0,0,6,5,993.0,1922,113000
3.0,0,0,1,1372,2,1372.0,1,8640.0,72.0,0.0,140,5,7,1372.0,2007,250580
2.0,0,1005,5,262,2,1296.0,1,6853.0,69.0,136.0,25,5,8,1267.0,2001,220000
3.0,0,495,5,495,1,990.0,0,8775.0,65.0,0.0,64,5,5,990.0,1994,126000
3.0,0,0,1,778,1,1489.0,0,9900.0,60.0,0.0,0,7,6,778.0,1940,139500
3.0,0,0,1,1063,0,2172.0,1,14154.0,107.5,350.0,62,5,7,1063.0,2006,280000
2.0,1,0,1,1266,2,1266.0,1,3182.0,43.0,16.0,16,5,7,1266.0,2007,159895
2.0,0,27,5,1191,2,1218.0,1,7862.0,75.0,0.0,102,5,6,1218.0,2009,208300
2.0,0,0,1,932,1,932.0,1,8280.0,57.0,0.0,0,5,6,932.0,1950,124000
3.0,0,257,2,103,1,1322.0,0,2308.0,31.5,0.0,0,5,6,855.0,1974,147000
2.0,0,0,1,485,1,1635.0,1,5310.0,59.0,0.0,0,8,6,485.0,1910,117000
3.0,0,1270,4,208,1,1478.0,0,17600.0,69.0,30.0,40,5,6,1478.0,1960,157500
5.0,0,0,1,658,1,1184.0,0,8410.0,58.0,0.0,151,3,5,658.0,1910,81000
3.0,0,706,5,150,0,1710.0,1,8450.0,65.0,196.0,61,5,7,856.0,2003,208500
2.0,1,773,5,115,0,912.0,0,7540.0,69.0,0.0,0,6,6,888.0,1978,156000
3.0,2,249,3,0,2,2126.0,0,17869.125,69.0,0.0,0,5,5,1013.0,1967,185000
3.0,0,0,1,384,2,1394.0,1,9735.0,73.0,0.0,0,5,5,384.0,2006,167500
2.0,0,630,5,340,1,970.0,0,8480.0,80.0,0.0,24,6,5,970.0,1963,132500
3.0,1,539,5,473,1,1034.0,0,12328.0,69.0,335.0,0,5,6,1012.0,1976,169900
3.0,0,0,1,860,0,1720.0,1,11645.0,89.0,0.0,70,5,7,860.0,2004,196500
3.0,0,0,1,811,1,1387.0,1,6000.0,50.0,0.0,0,4,5,811.0,1954,93000
2.0,1,719,2,300,0,1357.0,2,11512.0,107.5,84.0,0,7,6,1019.0,1959,177000
3.0,0,697,0,571,1,1264.0,0,9300.0,73.0,324.0,0,5,5,1268.0,1960,167500
3.0,0,0,1,742,2,1484.0,1,12589.0,107.5,0.0,24,5,6,742.0,2005,174000
2.0,0,495,5,354,0,1767.0,1,5306.0,44.0,0.0,35,7,7,1064.0,1987,239000
2.0,0,0,1,813,1,813.0,1,5684.0,70.0,0.0,113,8,6,813.0,1930,110000
2.0,1,490,5,30,1,754.0,0,6780.0,60.0,0.0,0,8,6,520.0,1935,84500
4.0,2,425,5,160,0,2069.0,1,17869.125,107.5,0.0,0,7,7,585.0,1960,242000
3.0,1,783,5,678,0,1509.0,1,10200.0,85.0,219.0,0,5,6,1461.0,1988,175000
3.0,0,0,1,702,2,1481.0,0,8125.0,65.0,0.0,36,5,6,702.0,1994,174000
3.0,1,789,2,171,1,960.0,0,9873.0,60.0,160.0,288,5,4,960.0,1970,129000
2.0,0,0,1,0,1,1040.0,0,7200.0,60.0,0.0,29,5,4,41.125,1950,109900
2.0,0,0,1,0,1,1040.0,0,7200.0,60.0,0.0,0,5,4,41.125,1949,90000
4.0,0,352,3,441,1,1802.0,0,7588.0,54.0,0.0,0,6,7,793.0,1920,200100
4.0,1,64,5,1120,2,2610.0,2,9000.0,75.0,0.0,364,5,8,1184.0,2007,303477
3.0,0,176,1,1290,2,1466.0,3,17755.0,107.5,132.0,140,4,5,1466.0,1959,149900
4.0,0,686,3,0,1,1652.0,0,10800.0,60.0,0.0,0,6,5,686.0,1915,139000
3.0,0,50,4,499,1,2097.0,1,11228.0,59.0,0.0,187,5,7,1080.0,1993,228000
2.0,2,1573,1,0,1,1625.0,1,4750.0,44.0,415.0,0,5,8,1573.0,2006,235000
3.0,0,603,4,701,2,2287.0,0,15593.0,81.0,0.0,21,4,7,1304.0,1953,225000
3.0,2,0,1,1734,0,2761.375,2,13891.0,107.0,415.0,170,5,9,1734.0,2008,582933
3.0,0,695,5,297,0,2054.0,1,12224.0,69.0,40.0,48,5,6,992.0,2000,244000
2.0,3,841,4,324,1,1336.0,0,15750.0,90.0,56.0,0,5,5,1165.0,1953,157000
3.0,0,552,1,342,1,894.0,0,9450.0,68.0,0.0,0,5,4,894.0,1954,110000
1.0,2,1619,5,100,2,1719.0,1,10846.0,32.0,0.0,30,5,8,1719.0,1993,324000
3.0,0,1000,5,223,0,2127.0,1,10944.0,81.0,415.0,132,5,7,1223.0,1994,271000
3.0,0,553,1,698,1,1251.0,0,8800.0,80.0,415.0,116,6,6,1251.0,1964,160000
2.0,0,111,4,522,2,912.0,0,7535.0,70.0,0.0,285,7,5,912.0,1958,120000
3.0,0,0,1,600,1,968.0,0,5925.0,50.0,0.0,0,6,3,600.0,1910,37900
3.0,0,483,5,458,0,1829.0,1,9548.0,44.0,223.0,39,6,7,941.0,2003,237000
3.0,3,712,5,84,2,1574.0,0,17869.125,69.0,120.0,111,5,6,796.0,1976,190000
2.0,0,495,0,225,1,720.0,0,7879.0,60.0,0.0,523,5,4,720.0,1920,34900
3.0,1,1447,5,533,2,1980.0,2,16737.0,107.5,66.0,45,5,9,1980.0,2004,315000
3.0,3,213,2,995,1,1621.0,1,14145.0,91.0,0.0,45,7,7,1208.0,1984,202500
3.0,0,1246,2,356,2,1602.0,1,16635.0,69.0,126.0,0,7,6,1602.0,1977,215000
3.0,3,370,3,779,1,1616.0,1,5400.0,40.0,0.0,0,7,6,1149.0,1926,152000
2.0,2,1277,4,207,0,1600.0,0,16321.0,47.0,0.0,258,6,5,1484.0,1957,207500
3.0,0,0,1,689,1,2119.0,0,10448.0,69.0,333.0,104,6,6,689.0,1972,158000
3.0,0,0,1,970,1,1709.0,1,2522.0,31.5,50.0,40,5,7,970.0,2004,130000
3.0,0,1065,2,1045,2,2110.0,2,11160.0,93.0,0.0,0,5,7,2054.125,1968,244000
3.0,0,544,0,0,1,774.0,1,4270.0,70.0,0.0,0,6,3,544.0,1931,79000
2.0,0,0,1,796,1,796.0,0,3636.0,40.0,0.0,0,4,4,796.0,1922,55000
2.0,0,0,1,1686,0,1707.0,0,16669.0,69.0,415.0,64,6,8,1686.0,1981,228000
3.0,0,1288,5,294,2,2161.0,2,10562.0,86.0,300.0,120,5,8,1582.0,2007,325624
2.0,0,0,1,880,0,1716.0,1,8750.0,70.0,0.0,120,5,7,880.0,1996,191000
3.0,0,288,2,700,1,1362.0,0,10197.0,80.0,415.0,20,5,6,1362.0,1961,163000
3.0,3,706,5,88,0,1796.0,0,9531.0,69.0,0.0,36,5,6,794.0,1998,211000
2.0,2,1480,5,120,1,1652.0,1,5587.0,64.0,186.0,53,5,8,1600.0,2008,392500
3.0,0,624,2,26,1,1482.0,0,9000.0,50.0,0.0,0,9,7,650.0,1920,143000
3.0,0,489,0,279,1,1015.0,0,6120.0,51.0,0.0,0,7,5,768.0,1925,88000
3.0,0,403,4,238,1,1578.0,3,9490.0,79.0,0.0,0,7,6,806.0,1941,133000
3.0,0,320,2,404,1,1086.0,0,10200.0,85.0,104.0,0,7,5,1086.0,1954,144900
3.0,0,0,1,672,1,1218.0,0,1680.0,31.5,236.0,0,5,6,672.0,1971,91500
2.0,1,672,2,168,1,860.0,0,8740.0,74.0,0.0,0,6,5,840.0,1982,137000
3.0,0,0,1,576,1,1140.0,0,8800.0,55.0,0.0,160,7,4,576.0,1910,96500
3.0,0,0,1,776,0,1502.0,0,7200.0,60.0,0.0,0,6,7,776.0,1931,149000
3.0,2,312,0,276,0,1165.0,0,9020.0,82.0,183.0,129,7,6,1127.0,1966,174900
4.0,0,625,5,235,2,1960.0,1,7851.0,69.0,0.0,48,5,6,860.0,2002,216500
3.0,1,252,2,901,2,2031.0,1,11404.0,75.0,202.0,84,5,7,1153.0,1998,222500
3.0,0,378,5,311,2,1392.0,0,10900.0,69.0,153.0,36,7,6,689.0,1977,161750
3.0,3,1201,1,340,1,1541.0,1,12182.0,95.0,226.0,70,5,7,1541.0,2005,220000
3.0,0,405,0,658,1,1327.0,1,7388.0,75.0,0.0,0,6,5,1063.0,1959,150750
3.0,0,672,4,0,1,1324.0,0,6000.0,50.0,0.0,0,6,4,672.0,1936,128000
3.0,0,550,2,163,0,1552.0,0,11475.0,85.0,0.0,208,6,6,713.0,1975,179900
4.0,0,482,5,971,0,2761.375,1,9572.0,69.0,336.0,0,5,8,1453.0,1990,302000
4.0,3,0,1,1107,1,2761.375,2,17869.125,90.0,0.0,260,9,10,1107.0,1892,475000
2.0,2,967,4,383,1,1328.0,0,16905.0,107.5,0.0,104,6,5,1350.0,1959,170000
4.0,2,965,5,245,0,2519.0,1,17869.125,42.0,293.0,27,5,7,1210.0,1989,335000
3.0,0,0,1,793,1,1517.0,3,8500.0,85.0,0.0,0,7,5,793.0,1919,115000
3.0,0,731,5,326,1,1057.0,1,7922.0,68.0,0.0,52,7,5,1057.0,1953,109000
1.0,2,1441,5,55,2,2132.0,1,12327.0,79.0,0.0,40,8,8,1496.0,1983,316600
3.0,1,1300,5,316,2,1629.0,1,14536.0,85.0,236.0,252,5,8,1616.0,2002,270000
3.0,0,1000,0,188,0,1188.0,0,12160.0,69.0,180.0,0,5,5,1188.0,1959,142000
3.0,2,929,5,556,1,1464.0,1,15256.0,49.0,84.0,160,5,8,1485.0,2007,282922
2.0,0,897,5,319,1,1216.0,0,4500.0,32.0,116.0,125,5,6,1216.0,1998,164000
3.0,0,0,1,1626,1,1634.0,1,11428.0,98.0,248.0,44,5,8,1626.0,2006,250000
3.0,3,0,1,672,1,924.0,0,8064.0,60.0,0.0,0,7,5,672.0,1949,122900
3.0,3,188,0,204,1,1060.0,1,8246.0,69.0,0.0,90,8,5,1060.0,1968,154000
3.0,0,556,1,248,1,1548.0,1,2308.0,31.5,0.0,0,6,6,804.0,1976,155000
1.0,0,290,0,0,1,438.0,3,8400.0,60.0,0.0,0,5,2,290.0,1920,60000
2.0,0,0,1,747,1,747.0,0,4608.0,47.0,0.0,0,6,4,747.0,1945,80000
3.0,0,432,4,460,0,892.0,0,7150.0,65.0,60.0,0,5,5,892.0,1967,100000
3.0,1,803,2,303,1,1190.0,0,7728.0,70.0,120.0,18,6,5,1106.0,1962,132500
3.0,0,609,4,785,0,1394.0,0,9500.0,69.0,247.0,76,5,6,1394.0,1963,159000
4.0,0,0,1,960,1,1960.0,0,7596.0,60.0,360.0,0,5,5,960.0,1952,124500
1.0,1,659,5,189,2,848.0,1,4435.0,36.0,170.0,0,5,6,848.0,2003,131500
3.0,0,1053,2,256,2,1339.0,0,8049.0,50.0,54.0,58,5,7,1309.0,1990,180000
2.0,0,0,1,784,1,784.0,0,9000.0,60.0,0.0,0,3,6,784.0,1928,76000
3.0,0,0,1,948,1,948.0,0,8978.0,69.0,0.0,0,5,5,948.0,1968,108000
3.0,0,1084,4,92,1,1178.0,1,10000.0,80.0,0.0,0,6,5,1176.0,1973,157000
3.0,0,694,5,284,2,1983.0,1,10762.0,69.0,344.0,0,5,7,978.0,1999,225000
4.0,0,1606,2,122,1,1728.0,0,9297.0,63.0,0.0,0,5,5,1728.0,1976,188000
2.0,0,0,1,680,1,764.0,0,5232.0,31.5,0.0,0,5,5,680.0,1925,73000
2.0,2,462,5,0,1,988.0,0,1596.0,31.5,0.0,101,5,4,462.0,1973,91000
2.0,1,294,5,318,0,1224.0,1,3000.0,31.5,76.0,234,5,6,612.0,2009,173733
2.0,0,0,1,483,1,987.0,0,1680.0,31.5,297.0,0,5,6,483.0,1972,94500
4.0,0,642,5,273,1,1908.0,1,8750.0,70.0,0.0,133,5,7,915.0,1994,210000
3.0,1,739,4,405,1,1144.0,0,9571.0,68.0,0.0,0,6,5,1144.0,1956,129000
3.0,1,605,2,427,1,1032.0,0,10395.0,69.0,233.0,0,6,6,1032.0,1978,148000
4.0,0,831,5,320,1,2060.0,0,10029.0,97.0,268.0,228,5,6,1151.0,1988,211000
3.0,0,646,5,468,1,1114.0,1,13695.0,66.0,0.0,102,5,5,1114.0,2004,159000
3.0,1,528,2,1152,0,1724.0,0,17869.125,69.0,359.0,0,5,6,1680.0,1967,197900
3.0,0,317,4,355,1,1218.0,0,1680.0,31.5,281.0,28,7,6,672.0,1972,118000
2.0,0,0,1,721,1,841.0,0,8400.0,60.0,0.0,0,4,4,721.0,1950,82000
2.0,0,0,1,1074,0,1088.0,1,3696.0,69.0,0.0,74,5,8,1074.0,1986,170000
3.0,0,646,2,218,1,864.0,0,7000.0,69.0,90.0,0,8,5,864.0,1978,136500
3.0,2,1422,5,392,1,1826.0,1,11302.0,69.0,238.0,75,5,8,1814.0,2005,319000
3.0,0,0,1,530,1,1111.0,3,7200.0,60.0,0.0,0,7,5,530.0,1920,101000
2.0,0,595,2,317,1,912.0,1,8872.0,72.0,300.0,240,8,5,912.0,1965,147000
4.0,0,524,5,628,2,2270.0,1,11764.0,92.0,348.0,57,7,8,1152.0,1999,290000
3.0,0,658,2,218,1,923.0,0,6951.0,37.0,0.0,0,5,5,876.0,1984,119500
3.0,1,0,1,105,1,910.0,1,8892.0,74.0,0.0,0,7,5,105.0,1953,116000
2.0,0,0,1,0,1,1040.0,0,8544.0,60.0,0.0,0,4,3,41.125,1950,92900
2.0,0,315,2,420,2,1374.0,0,5400.0,90.0,0.0,0,6,4,840.0,1920,105000
3.0,2,0,1,2121,2,2121.0,2,14450.0,107.0,315.0,98,5,9,2054.125,2006,415298
4.0,1,0,1,847,2,1959.0,1,11796.0,59.0,0.0,48,5,7,847.0,2004,215000
3.0,0,0,1,927,1,1539.0,0,6120.0,51.0,0.0,0,6,5,927.0,1936,141500
2.0,0,540,3,728,2,1268.0,0,7800.0,78.0,200.0,98,6,5,1268.0,1954,132000
2.0,0,250,2,710,1,960.0,3,6000.0,50.0,0.0,0,4,4,960.0,1920,108500
3.0,0,0,1,1097,1,1097.0,0,10859.0,107.5,0.0,64,5,5,1097.0,1994,145000
2.0,3,390,1,490,1,1768.0,0,10800.0,60.0,0.0,341,7,7,880.0,1914,163000
3.0,0,120,4,736,1,1668.0,0,9600.0,80.0,0.0,0,8,6,856.0,1950,140000
2.0,0,0,1,1392,0,1392.0,0,13560.0,107.5,216.0,0,3,6,1392.0,1968,110000
4.0,0,0,1,780,1,1412.0,0,6000.0,50.0,0.0,0,6,6,780.0,1939,132500
3.0,2,0,1,1622,0,1630.0,2,10226.0,61.0,270.0,42,5,8,1622.0,2008,295493
1.0,0,1106,5,135,1,1241.0,1,4274.0,35.0,0.0,116,5,7,1241.0,2006,199900
2.0,1,619,2,149,1,768.0,0,7244.0,54.0,0.0,0,7,5,768.0,1970,129500
3.0,0,728,4,568,1,1640.0,1,14778.0,69.0,72.0,0,7,6,1296.0,1954,224000
2.0,1,945,1,474,0,1419.0,1,8089.0,60.0,0.0,0,6,8,1419.0,2007,392000
3.0,2,1200,5,0,1,1200.0,0,10800.0,60.0,0.0,0,5,5,1200.0,1987,179000
4.0,0,626,2,99,2,1479.0,1,7472.0,69.0,138.0,32,9,7,725.0,1972,184000
3.0,0,528,2,245,1,1414.0,0,11029.0,87.0,0.0,51,8,6,1184.0,1958,176500
4.0,0,0,1,624,1,1344.0,0,4571.0,34.0,0.0,0,5,5,624.0,1916,98000
2.0,0,0,1,0,1,2320.0,0,14762.0,69.0,0.0,144,6,5,41.125,1948,169000
2.0,0,266,0,522,1,788.0,0,7446.0,69.0,0.0,0,5,4,788.0,1941,100000
3.0,0,311,2,544,1,1441.0,0,2289.0,31.5,0.0,0,6,6,855.0,1978,148500
2.0,0,612,0,252,1,864.0,0,9100.0,70.0,0.0,0,6,6,864.0,1959,127500
3.0,0,616,2,248,1,864.0,0,9000.0,60.0,0.0,0,6,4,864.0,1971,120500
4.0,0,0,1,1584,1,1776.0,0,11475.0,85.0,95.0,25,5,5,1584.0,1958,110000
3.0,0,775,4,281,1,1056.0,0,8450.0,65.0,0.0,85,6,5,1056.0,1968,142000
1.0,2,350,4,333,1,904.0,3,10020.0,69.0,0.0,0,1,1,683.0,1922,61000
2.0,1,578,5,892,2,1478.0,1,4403.0,69.0,415.0,144,5,7,1470.0,2009,222000
3.0,0,0,1,840,1,1605.0,0,5790.0,60.0,0.0,0,6,3,840.0,1915,107400
3.0,0,633,5,240,0,1790.0,1,9179.0,68.0,158.0,88,5,7,873.0,1999,193000
4.0,0,381,2,399,1,1868.0,1,10304.0,69.0,44.0,96,7,5,780.0,1976,197500
3.0,0,356,4,316,1,1218.0,0,1890.0,31.5,285.0,28,5,6,672.0,1973,113000
2.0,1,1636,5,442,2,2084.0,2,14803.0,107.5,415.0,45,5,10,2054.125,2007,385000
3.0,0,566,2,289,1,1456.0,0,2280.0,31.5,0.0,0,6,6,855.0,1976,148500
3.0,0,830,4,136,2,1256.0,0,9937.0,75.0,0.0,68,6,5,1256.0,1965,147500
3.0,0,457,5,326,2,1509.0,1,7861.0,69.0,0.0,75,5,6,783.0,2002,183200
3.0,0,774,2,104,1,2320.0,1,7259.0,61.0,0.0,0,8,6,1028.0,1945,259500
4.0,0,1128,4,242,1,2624.0,0,17869.125,86.0,0.0,0,6,6,1370.0,1918,239000
3.0,0,0,1,780,1,1375.0,1,9000.0,50.0,0.0,162,6,6,780.0,1937,141000
2.0,2,513,2,75,1,1095.0,0,10382.0,75.0,105.0,0,5,6,588.0,1958,140000
4.0,0,1084,2,188,1,2200.0,0,8777.0,67.0,0.0,70,7,5,1272.0,1900,145900
3.0,3,922,5,572,0,1494.0,1,12803.0,88.0,99.0,36,5,7,1494.0,2002,221000
2.0,0,0,1,560,1,1346.0,0,11767.0,70.0,0.0,24,7,4,560.0,1910,112000
3.0,0,588,1,402,1,990.0,0,8070.0,60.0,0.0,0,5,4,990.0,1994,123600
5.0,0,0,1,907,1,2358.0,0,17869.125,75.0,0.0,40,8,6,907.0,1908,240000
2.0,0,415,0,418,1,833.0,1,5400.0,90.0,0.0,0,7,5,833.0,1954,117000
4.0,2,0,1,1094,2,2482.0,1,12665.0,88.0,245.0,39,5,8,1094.0,2005,281213
3.0,3,0,1,1030,0,2098.0,2,10240.0,80.0,178.0,52,5,8,1030.0,2005,275500
3.0,0,450,2,414,2,899.0,1,7800.0,65.0,89.0,0,7,5,864.0,1967,130000
4.0,0,998,1,177,2,2324.0,2,11924.0,85.0,286.0,21,5,9,1175.0,2005,345000
2.0,1,777,0,117,0,894.0,0,7200.0,60.0,0.0,0,5,5,894.0,1972,123000
3.0,0,430,5,1145,0,1575.0,1,8012.0,50.0,0.0,0,5,6,1575.0,1992,179200
1.0,2,697,5,151,0,848.0,1,4426.0,69.0,147.0,0,5,6,848.0,2004,141000
3.0,0,0,1,815,1,1690.0,0,8850.0,65.0,0.0,0,6,7,815.0,1916,144000
4.0,0,548,2,36,0,1475.0,0,2665.0,41.0,0.0,26,6,5,757.0,1977,127000
2.0,1,20,2,1342,1,1362.0,1,7577.0,61.0,256.0,28,5,6,1362.0,2005,194700
2.0,2,0,1,1273,2,1456.0,1,3196.0,69.0,40.0,20,5,8,1273.0,2003,215000
4.0,3,57,5,1335,0,2462.0,1,17869.125,107.5,415.0,132,5,7,1392.0,2005,320000
4.0,0,400,4,380,0,1796.0,0,7056.0,71.0,415.0,50,5,6,780.0,1963,140000
3.0,3,0,1,702,1,1472.0,1,9600.0,60.0,0.0,0,8,5,702.0,1925,125000
3.0,0,1334,5,270,0,1604.0,1,8814.0,68.0,180.0,110,5,7,1604.0,2006,220000
3.0,2,1249,1,103,2,1786.0,0,17869.125,69.0,0.0,0,6,5,1499.0,1965,228950
3.0,1,831,4,161,0,1661.0,1,9600.0,80.0,0.0,28,6,6,992.0,1955,165500
1.0,1,509,5,121,1,630.0,0,1477.0,31.5,0.0,0,4,4,630.0,1970,80000
3.0,0,1436,5,570,2,2020.0,2,12220.0,94.0,305.0,54,5,10,2006.0,2009,402861
3.0,0,643,5,167,2,1665.0,1,8400.0,70.0,0.0,45,6,8,810.0,2001,227000
3.0,0,24,5,1836,2,1836.0,1,9100.0,70.0,0.0,33,5,7,1860.0,2004,216837
4.0,0,0,1,994,0,2372.0,0,6600.0,60.0,0.0,287,4,5,994.0,1892,107500
2.0,3,405,3,740,1,1301.0,3,6911.0,60.0,0.0,0,5,5,1145.0,1924,100000
2.0,1,0,1,1240,0,1240.0,1,8556.0,74.0,0.0,93,5,7,1240.0,2006,194000
3.0,0,777,0,467,1,1244.0,0,11988.0,90.0,0.0,40,6,6,1244.0,1957,150000
3.0,0,0,1,1777,0,1795.0,1,9742.0,75.0,281.0,159,5,8,1777.0,2002,230000
3.0,0,560,5,598,0,1167.0,1,9248.0,69.0,106.0,26,6,6,1158.0,1992,173000
3.0,0,0,1,1573,1,1578.0,2,9262.0,78.0,194.0,36,5,8,1573.0,2008,287090
4.0,0,0,1,967,2,1908.0,1,14191.0,85.0,0.0,0,5,8,967.0,2002,202900
4.0,0,0,1,901,1,1198.0,0,5586.0,60.0,0.0,98,7,6,901.0,1920,79900
2.0,2,1350,1,626,0,1976.0,1,14977.0,107.5,304.0,63,5,8,1976.0,2006,440000
3.0,0,0,1,686,1,1328.0,0,9906.0,57.0,0.0,172,4,4,686.0,1925,107000
3.0,1,196,2,1072,1,1268.0,1,9286.0,69.0,0.0,0,7,5,1268.0,1977,143500
2.0,0,0,1,625,2,1250.0,1,4017.0,35.0,0.0,54,5,7,625.0,2006,171900
4.0,0,0,1,0,1,1664.0,0,9825.0,75.0,0.0,0,5,5,41.125,1965,100000
3.0,0,404,2,304,0,1416.0,0,11700.0,90.0,415.0,169,6,6,708.0,1968,179900
4.0,3,1046,0,168,1,2291.0,0,7200.0,60.0,0.0,0,6,6,1214.0,1910,133900
3.0,3,0,1,1710,1,1710.0,1,12118.0,43.0,108.0,48,5,7,1710.0,2004,240000
2.0,0,616,3,0,1,616.0,0,6000.0,50.0,0.0,0,7,5,616.0,1921,89000
3.0,0,915,0,135,1,1050.0,0,10659.0,69.0,0.0,319,6,5,1050.0,1961,136500
1.0,2,429,4,93,0,1252.0,0,13500.0,69.0,0.0,0,7,6,1602.0,1960,235000
3.0,0,746,2,244,1,990.0,0,8072.0,60.0,0.0,64,5,5,990.0,1994,138000
2.0,3,49,1,0,1,1078.0,1,9717.0,68.0,0.0,0,6,5,1078.0,1950,142125
5.0,2,568,3,264,2,2087.0,1,12205.0,69.0,157.0,168,8,6,832.0,1966,187500
3.0,0,594,4,331,1,1429.0,1,14585.0,69.0,85.0,110,6,6,1144.0,1960,181900
4.0,0,0,1,360,1,1812.0,1,7630.0,76.0,0.0,0,9,5,360.0,1900,140000
3.0,1,507,5,81,1,1138.0,0,10482.0,65.0,63.0,0,8,6,588.0,1958,145000
3.0,1,998,2,486,1,1484.0,0,12243.0,70.0,0.0,0,6,5,1484.0,1971,175000
2.0,2,0,1,1374,2,1557.0,1,3196.0,69.0,18.0,20,5,7,1374.0,2003,234000
2.0,0,197,3,999,1,1196.0,0,4800.0,40.0,0.0,0,7,4,1196.0,1916,109900
3.0,0,521,4,169,1,864.0,0,9100.0,70.0,0.0,0,5,5,864.0,1958,129900
3.0,0,480,4,108,1,1056.0,0,9250.0,80.0,0.0,0,7,5,1056.0,1954,139400
4.0,0,740,5,425,1,2526.0,1,10120.0,92.0,391.0,78,5,8,1165.0,1994,290000
2.0,0,16,5,1129,2,1145.0,1,3182.0,43.0,11.0,16,5,7,1145.0,2005,160200
3.0,0,170,3,252,1,1092.0,0,11616.0,69.0,116.0,20,5,5,1092.0,1962,139000
2.0,0,0,1,264,1,1432.0,0,9600.0,60.0,0.0,0,7,5,264.0,1910,132000
3.0,0,1040,0,352,0,1392.0,0,11900.0,80.0,387.0,0,5,6,1392.0,1957,166000
3.0,0,0,1,728,2,1456.0,1,8461.0,65.0,0.0,24,5,6,728.0,2005,163990
3.0,0,806,2,247,0,1053.0,1,10007.0,72.0,54.0,0,7,5,1053.0,1959,145500
8.0,0,256,3,1184,1,2761.375,3,10896.0,60.0,0.0,110,7,6,1440.0,1914,200000
3.0,0,72,2,733,2,1287.0,1,9830.0,69.0,0.0,17,7,5,1063.0,1959,162000
2.0,0,403,2,212,1,778.0,0,6900.0,71.0,0.0,25,6,5,740.0,1940,120500
3.0,0,0,1,525,1,1092.0,0,1680.0,31.5,381.0,0,5,6,525.0,1971,88000
1.0,3,0,1,600,1,747.0,0,5825.0,52.0,108.0,0,5,4,600.0,1926,79900
3.0,2,0,1,847,2,1733.0,1,12394.0,69.0,0.0,48,5,7,847.0,2003,225000
3.0,1,0,1,1638,0,1646.0,1,10656.0,67.0,274.0,80,5,8,1638.0,2006,248900
1.0,0,1351,5,83,0,2149.0,1,12822.0,48.0,0.0,43,5,7,1434.0,2003,239686
4.0,1,812,0,812,1,1582.0,0,17869.125,69.0,415.0,198,5,5,1624.0,1964,190000
4.0,0,216,4,700,1,1742.0,1,17671.0,107.5,0.0,169,9,8,916.0,1882,168000
3.0,2,633,2,431,1,1040.0,0,17869.125,94.0,0.0,0,5,4,1064.0,1963,132250
2.0,0,456,0,456,0,912.0,0,10150.0,70.0,1.0,0,5,5,912.0,1958,114500
4.0,1,655,5,490,0,2198.0,1,14260.0,84.0,350.0,84,5,8,1145.0,2000,250000
4.0,0,0,1,1680,1,1680.0,0,11500.0,69.0,164.0,0,6,5,1680.0,1976,136905
4.0,3,192,0,536,1,2761.375,1,14100.0,69.0,415.0,12,9,8,728.0,1935,381000
3.0,0,234,3,0,1,1316.0,0,5500.0,50.0,0.0,0,7,5,926.0,1929,130000
4.0,0,0,1,612,0,2601.0,0,9842.0,51.0,0.0,0,6,5,612.0,1921,189000
3.0,0,765,3,0,1,1365.0,0,2368.0,31.5,312.0,36,6,5,765.0,1970,125000
2.0,1,0,1,1258,2,1258.0,1,3922.0,53.0,72.0,16,5,7,1258.0,2006,172500
3.0,0,24,5,1550,0,1574.0,1,11957.0,75.0,53.0,104,5,8,1574.0,2006,232000
3.0,3,75,4,230,2,1096.0,0,15870.0,69.0,0.0,32,5,5,1096.0,1969,138800
2.0,0,330,4,153,1,987.0,0,1680.0,31.5,158.0,0,5,6,483.0,1973,100000
3.0,0,0,1,976,1,1708.0,1,3363.0,32.0,117.0,40,5,7,976.0,2004,130000
3.0,0,0,1,1470,1,2761.375,1,17869.125,87.0,0.0,0,9,7,1470.0,1880,295000
4.0,1,427,5,132,0,1752.0,0,12134.0,107.5,0.0,12,7,8,559.0,1988,164000
3.0,2,1236,2,80,0,2036.0,0,17869.125,107.5,0.0,0,5,7,2054.125,1965,375000
3.0,0,0,1,896,1,1344.0,0,6240.0,69.0,0.0,114,4,5,896.0,1936,115000
3.0,1,349,2,23,1,1109.0,0,10500.0,70.0,82.0,0,7,5,372.0,1971,139000
3.0,1,182,5,612,2,1470.0,0,13869.0,69.0,0.0,75,6,6,794.0,1997,177000
2.0,3,852,2,100,1,952.0,0,7350.0,60.0,0.0,0,7,5,952.0,1951,139000
3.0,0,808,5,72,2,1680.0,1,17869.125,69.0,260.0,44,9,6,880.0,1988,222000
3.0,0,196,0,975,0,1516.0,0,10004.0,100.0,180.0,0,6,6,1516.0,1964,167000
3.0,0,1004,5,730,1,1734.0,2,12085.0,93.0,328.0,0,5,8,1734.0,2007,318000
1.0,1,368,5,0,0,1502.0,1,6820.0,69.0,0.0,54,5,8,1488.0,1985,212000
2.0,0,567,5,197,0,1626.0,1,2268.0,36.0,106.0,27,5,7,764.0,2003,173000
3.0,0,0,1,756,1,1469.0,0,10320.0,60.0,0.0,0,7,6,756.0,1906,135000
2.0,0,812,5,280,2,1550.0,1,8125.0,65.0,100.0,168,5,7,1092.0,2006,241000
2.0,0,0,1,1368,1,1368.0,1,6792.0,40.0,94.0,35,5,7,1368.0,2005,202665
4.0,1,0,1,1249,0,2596.0,1,16259.0,107.5,370.0,154,5,9,1249.0,2006,342643
3.0,0,504,3,525,1,1339.0,0,7560.0,70.0,0.0,0,6,5,1029.0,1958,139000
4.0,0,0,1,1195,2,1839.0,0,16770.0,58.0,30.0,81,5,7,1195.0,1998,221000
4.0,1,0,1,1117,1,2452.0,1,13418.0,107.5,132.0,32,5,8,1117.0,2004,309000
3.0,0,0,1,783,2,1509.0,1,7875.0,63.0,0.0,75,5,7,783.0,2003,180000
3.0,0,20,5,1434,0,1434.0,1,8529.0,65.0,0.0,39,5,7,1454.0,2001,189000
3.0,0,1200,5,78,1,1294.0,1,7153.0,69.0,88.0,51,5,6,1278.0,1991,179200
3.0,0,0,1,840,1,1680.0,0,15576.0,63.0,0.0,0,7,6,840.0,1915,177000
3.0,0,814,5,114,1,1721.0,1,8462.0,70.0,105.0,87,5,6,928.0,1994,201000
3.0,0,600,4,264,1,864.0,0,12735.0,69.0,0.0,0,5,4,864.0,1972,111250
3.0,0,549,2,195,1,1501.0,0,2280.0,31.5,360.0,0,5,7,744.0,1999,179400
5.0,0,0,1,662,1,2337.0,0,13600.0,85.0,0.0,57,5,5,662.0,1900,90000
3.0,1,929,5,916,1,1872.0,0,10400.0,80.0,102.0,39,5,7,1845.0,1988,241500
3.0,1,1300,5,230,2,1530.0,1,14572.0,107.5,0.0,36,5,7,1530.0,2004,259000
3.0,0,0,1,742,1,1484.0,0,6300.0,35.0,0.0,291,6,6,742.0,1914,128000
3.0,1,515,5,115,1,630.0,1,1526.0,31.5,0.0,0,8,4,630.0,1970,86000
4.0,0,0,1,1200,1,1200.0,0,11340.0,84.0,0.0,0,5,6,1200.0,1923,125000
4.0,0,896,2,434,2,2761.375,0,12227.0,69.0,415.0,282,7,6,1330.0,1977,272000
3.0,2,564,1,563,0,1445.0,0,12095.0,69.0,115.0,0,6,6,1127.0,1964,158000
3.0,0,0,1,1116,1,1116.0,0,10000.0,87.0,261.0,0,6,6,1116.0,1962,160000
3.0,3,828,5,180,2,2090.0,1,5062.0,69.0,0.0,0,5,7,1190.0,1984,207500
2.0,2,943,5,0,1,943.0,0,7032.0,69.0,0.0,0,5,5,943.0,1979,135960
3.0,0,264,4,712,1,1608.0,1,6171.0,51.0,0.0,16,6,6,976.0,1925,137450
2.0,0,0,1,0,1,1296.0,0,10791.0,72.0,0.0,0,5,4,41.125,1967,90000
3.0,0,116,3,556,1,840.0,0,4388.0,55.0,0.0,0,7,5,672.0,1930,87000
4.0,0,552,4,280,0,1978.0,0,9900.0,69.0,342.0,43,5,7,832.0,1968,176000
3.0,1,867,2,77,0,999.0,2,12122.0,69.0,210.0,76,9,7,944.0,1961,178400
2.0,0,958,3,0,0,958.0,0,4928.0,69.0,0.0,60,6,6,958.0,1976,143750
3.0,0,297,0,556,1,2727.0,1,10570.0,70.0,0.0,74,8,8,853.0,1932,315000
3.0,0,645,4,270,1,1167.0,0,8731.0,98.0,0.0,0,5,5,915.0,1920,144000
3.0,2,536,4,169,0,1851.0,1,9760.0,80.0,340.0,42,8,6,822.0,1964,187000
3.0,0,0,1,1252,1,1252.0,1,10721.0,80.0,243.0,39,6,6,1252.0,1959,142000
2.0,0,0,1,0,1,912.0,0,6240.0,52.0,0.0,0,5,4,41.125,1947,80500
3.0,0,732,5,308,1,1040.0,1,12464.0,82.0,0.0,0,5,5,1040.0,1996,152000
3.0,0,436,5,320,1,1525.0,1,2117.0,69.0,415.0,0,5,6,756.0,2000,177000
4.0,0,281,1,747,2,2452.0,1,16226.0,66.0,0.0,50,5,8,1028.0,1998,267000
3.0,0,1231,5,1969,1,2761.375,1,12692.0,69.0,0.0,75,5,8,2054.125,1992,430000
2.0,2,655,5,201,2,1166.0,1,9587.0,59.0,182.0,0,5,7,856.0,2005,190000
3.0,3,196,0,844,1,1846.0,0,10496.0,78.0,320.0,0,6,6,1040.0,1949,143000
3.0,0,788,2,268,0,1074.0,0,10140.0,78.0,0.0,88,6,5,1056.0,1975,153500
3.0,0,0,1,1264,0,2344.0,1,10208.0,79.0,415.0,0,5,7,1264.0,1996,265000
2.0,0,220,2,625,1,893.0,1,9600.0,60.0,0.0,0,7,5,845.0,1949,135000
3.0,2,994,5,484,2,1493.0,1,13125.0,75.0,215.0,39,5,6,1478.0,1997,208900
4.0,0,0,1,774,2,1968.0,2,12003.0,92.0,84.0,75,5,8,774.0,2009,269500
2.0,0,578,2,426,2,1004.0,0,11241.0,69.0,180.0,0,7,6,1004.0,1970,149000
4.0,3,0,1,810,1,1456.0,0,7585.0,50.0,0.0,0,3,5,810.0,1948,91500
3.0,0,300,0,765,1,1635.0,0,8737.0,70.0,0.0,38,7,6,1065.0,1923,210000
3.0,0,0,1,912,1,1458.0,0,17503.0,78.0,0.0,0,5,6,912.0,1948,97500
2.0,0,883,5,341,2,1224.0,0,4500.0,69.0,415.0,304,5,6,1224.0,1999,165000
2.0,2,16,5,1346,1,1506.0,1,3013.0,43.0,145.0,20,5,7,1362.0,2005,213490
4.0,0,756,3,1380,1,2136.0,0,10680.0,89.0,44.0,30,3,5,2054.125,1951,137900
3.0,0,604,2,92,1,1416.0,1,2572.0,31.5,0.0,44,5,7,696.0,1999,155000
2.0,2,1282,5,1351,0,2633.0,2,11400.0,69.0,415.0,140,5,10,2054.125,2001,466500
3.0,0,0,1,1468,2,1468.0,1,9612.0,74.0,72.0,150,5,8,1468.0,2008,244600
2.0,0,570,1,203,1,773.0,0,7677.0,57.0,0.0,0,5,5,773.0,1953,110000
3.0,0,0,1,630,1,1302.0,0,1680.0,31.5,142.0,0,5,5,630.0,1971,112000
3.0,3,234,1,180,1,900.0,1,7200.0,60.0,0.0,32,7,5,900.0,1951,134800
2.0,0,0,1,884,1,904.0,0,6000.0,50.0,0.0,0,7,6,884.0,1926,119000
3.0,1,1110,0,734,0,1844.0,1,16381.0,69.0,312.0,73,5,6,1844.0,1969,223000
2.0,1,16,5,1357,2,1555.0,1,3182.0,43.0,16.0,20,5,7,1373.0,2005,192500
3.0,0,1213,0,84,2,1297.0,0,8532.0,74.0,415.0,0,6,5,1297.0,1954,153000
4.0,0,0,1,0,1,1529.0,0,8405.0,50.0,0.0,0,3,4,41.125,1945,98000
4.0,0,0,1,0,1,1733.0,0,13680.0,69.0,0.0,0,5,3,41.125,1955,139600
3.0,0,426,5,406,0,1710.0,1,9291.0,76.0,120.0,70,5,6,832.0,1993,187000
3.0,0,0,1,585,2,1868.0,0,12090.0,78.0,74.0,112,7,6,585.0,1984,178000
3.0,0,936,2,190,0,1126.0,0,17400.0,80.0,0.0,41,5,5,1126.0,1977,160000
2.0,0,239,5,312,1,1102.0,1,5105.0,69.0,0.0,60,5,7,551.0,2004,148800
3.0,0,0,1,896,1,1913.0,0,7558.0,57.0,0.0,0,6,6,896.0,1928,177000
1.0,1,1154,5,366,2,1567.0,2,3982.0,53.0,0.0,0,5,8,1520.0,2006,264561
2.0,0,504,0,546,1,1050.0,0,9600.0,80.0,0.0,0,6,5,1050.0,1956,128900
3.0,0,0,1,1580,0,1580.0,1,11932.0,92.0,186.0,24,5,8,1580.0,2007,235128
3.0,3,936,5,364,0,1314.0,1,8640.0,72.0,72.0,112,5,8,1300.0,2009,229456
3.0,0,493,3,1017,1,2761.375,0,10440.0,60.0,0.0,547,7,6,1510.0,1920,256000
4.0,2,462,5,154,0,1688.0,1,12798.0,79.0,0.0,114,5,6,616.0,1997,200000
3.0,0,660,4,572,1,1232.0,0,11120.0,69.0,0.0,0,6,6,1232.0,1984,162500
2.0,0,285,2,276,2,1229.0,0,1418.125,31.5,0.0,0,6,6,561.0,1980,124000
3.0,3,440,4,538,1,1699.0,0,10615.0,107.0,0.0,74,5,3,978.0,1900,95000
2.0,0,0,1,936,1,936.0,0,6000.0,60.0,0.0,32,4,4,936.0,1953,93000
3.0,0,0,1,847,1,1948.0,1,12393.0,41.0,0.0,48,5,7,847.0,2004,195000
4.0,0,1170,5,292,2,2224.0,2,8834.0,74.0,216.0,0,5,9,1462.0,2004,350000
3.0,0,284,4,717,1,2002.0,0,6270.0,82.0,0.0,0,6,5,1001.0,1949,145000
4.0,0,416,0,409,0,1993.0,0,14803.0,69.0,252.0,66,5,6,825.0,1971,190000
3.0,0,700,5,216,0,1861.0,1,13450.0,95.0,0.0,91,5,7,916.0,2002,200000
3.0,0,991,2,50,0,1041.0,0,9600.0,80.0,132.0,88,6,5,1041.0,1959,124500
2.0,0,0,1,960,1,986.0,0,6180.0,60.0,0.0,128,5,6,960.0,1926,102000
2.0,0,0,1,1405,0,1405.0,1,3136.0,69.0,163.0,36,5,7,1405.0,2003,171750
3.0,0,0,1,1226,0,1226.0,1,10402.0,94.0,0.0,36,5,7,1226.0,2009,198900
2.0,3,210,0,0,2,838.0,3,10267.0,55.0,0.0,0,7,6,816.0,1918,130000
2.0,0,203,0,661,1,864.0,0,8212.0,45.0,0.0,0,3,3,864.0,1914,58500
3.0,0,288,5,718,1,1006.0,0,9000.0,69.0,0.0,24,3,5,1006.0,1959,80000
0.0,2,1810,5,32,2,1842.0,1,17869.125,68.0,0.0,72,5,9,1842.0,1981,385000
2.0,2,1400,1,310,0,1710.0,1,13891.0,107.0,415.0,102,5,8,1710.0,2007,372402
4.0,0,0,1,1141,2,2263.0,1,12090.0,93.0,415.0,123,5,8,1141.0,1998,258000
4.0,0,0,1,777,1,2290.0,0,11340.0,60.0,0.0,0,6,4,777.0,1885,122500
3.0,0,419,2,375,0,1100.0,0,12493.0,69.0,0.0,0,5,4,1100.0,1960,141000
4.0,3,865,4,340,2,2117.0,0,12925.0,69.0,0.0,42,7,6,1205.0,1970,237500
3.0,0,0,1,672,1,960.0,0,8926.0,69.0,0.0,0,3,4,672.0,1956,112000
2.0,0,0,1,952,1,1774.0,0,6120.0,51.0,0.0,0,5,7,952.0,1931,129900
2.0,0,336,4,746,1,1082.0,0,11664.0,60.0,206.0,130,5,6,1082.0,1948,119200
2.0,0,144,5,172,1,1122.0,1,12000.0,100.0,0.0,36,7,5,924.0,1948,147000
2.0,3,616,5,722,2,1338.0,1,4920.0,41.0,0.0,0,5,8,1338.0,2001,213500
3.0,0,742,2,130,2,1756.0,0,9303.0,69.0,42.0,122,5,6,872.0,1996,204000
3.0,2,270,3,452,0,1302.0,1,9350.0,85.0,108.0,0,7,6,1302.0,1964,158000
2.0,0,285,2,666,1,951.0,0,8765.0,50.0,0.0,28,6,4,951.0,1936,106500
2.0,0,309,4,174,1,987.0,0,1953.0,31.5,408.0,0,5,6,483.0,1973,83000
2.0,0,980,2,110,2,1090.0,0,7024.0,60.0,0.0,49,5,5,1090.0,2005,157000
3.0,0,408,1,156,1,1604.0,0,10998.0,60.0,0.0,68,5,5,984.0,1941,117000
2.0,0,420,5,336,1,1512.0,1,2117.0,69.0,415.0,32,5,6,756.0,2000,168500
3.0,0,0,1,972,1,1577.0,3,6435.0,65.0,0.0,0,5,6,972.0,1939,140200
3.0,2,125,3,36,0,2167.0,1,17542.0,69.0,0.0,47,7,7,1192.0,1974,294000
3.0,1,506,2,0,1,1212.0,0,8471.0,88.0,46.0,12,7,6,506.0,1977,151000
3.0,1,716,4,253,1,969.0,0,10356.0,107.5,0.0,0,6,5,969.0,1975,122000
2.0,2,459,1,88,1,1072.0,0,3675.0,35.0,80.0,28,5,6,547.0,2005,148000
1.0,2,1218,5,300,0,1518.0,2,12677.0,62.0,415.0,140,5,8,1518.0,2003,274000
3.0,0,593,1,595,1,1188.0,0,17869.125,69.0,189.0,39,7,5,1188.0,1962,157900
3.0,0,0,1,1026,2,1958.0,1,10625.0,85.0,0.0,210,5,7,1026.0,2005,250000
2.0,0,559,2,510,0,1069.0,0,4043.0,53.0,0.0,55,6,6,1069.0,1977,140000
3.0,1,0,1,1753,0,1788.0,2,11838.0,69.0,0.0,151,5,8,1753.0,2001,236500
3.0,0,664,4,290,1,2414.0,0,10800.0,60.0,0.0,0,4,5,954.0,1900,160000
2.0,0,0,1,0,1,720.0,0,6627.0,69.0,0.0,0,6,3,41.125,1949,72500
3.0,0,662,2,599,0,1261.0,0,9120.0,76.0,0.0,0,6,6,1261.0,1958,163000
2.0,0,209,4,506,1,875.0,0,6120.0,51.0,0.0,0,7,5,715.0,1931,105000
2.0,0,0,1,672,1,672.0,0,10200.0,60.0,0.0,0,8,5,672.0,1940,108000
4.0,2,945,1,0,1,980.0,0,9400.0,35.0,250.0,0,5,6,945.0,1975,127500
3.0,0,0,1,672,1,1214.0,0,10410.0,60.0,0.0,0,4,3,672.0,1915,105000
3.0,0,637,4,849,2,1486.0,0,9937.0,75.0,0.0,0,7,5,1486.0,1964,167000
3.0,0,326,3,389,1,1660.0,0,11988.0,74.0,0.0,0,7,6,715.0,1934,188700
3.0,1,611,5,577,1,1217.0,1,9947.0,69.0,0.0,27,5,7,1188.0,1990,173000
3.0,0,275,0,429,1,1564.0,3,12000.0,75.0,0.0,0,7,7,704.0,1941,174500
3.0,1,724,5,64,2,1490.0,1,15384.0,60.0,0.0,75,5,7,788.0,2004,184000
4.0,3,428,4,537,1,2761.375,0,12168.0,78.0,0.0,0,6,8,965.0,1934,359100
3.0,2,679,5,811,0,1501.0,1,10335.0,78.0,183.0,29,5,7,1490.0,1999,204000
3.0,0,0,1,660,2,1320.0,1,7750.0,69.0,0.0,48,5,7,660.0,2003,162000
4.0,0,854,5,371,2,2612.0,1,12203.0,98.0,415.0,0,5,8,1225.0,1998,336000
3.0,0,1036,1,140,1,2761.375,1,17869.125,107.5,0.0,16,4,8,1360.0,1918,235000
5.0,0,0,1,795,1,2230.0,0,6204.0,60.0,0.0,188,5,4,795.0,1912,118500
4.0,0,392,4,768,2,2022.0,0,10005.0,83.0,299.0,117,5,7,1160.0,1977,192000
3.0,0,795,2,0,2,2263.0,1,16659.0,69.0,34.0,250,7,7,795.0,1977,235000
3.0,0,0,1,935,2,1632.0,0,9084.0,63.0,0.0,28,5,7,935.0,1998,176500
1.0,0,786,5,474,2,1288.0,2,14963.0,38.0,0.0,30,5,8,1260.0,1996,245500
3.0,0,570,4,510,1,1080.0,0,9464.0,75.0,135.0,0,7,6,1080.0,1958,136000
3.0,1,340,5,1342,0,1700.0,1,9135.0,70.0,120.0,23,5,6,1682.0,2003,200000
2.0,0,617,3,0,1,1310.0,0,7000.0,50.0,0.0,0,6,6,617.0,1924,112000
2.0,0,442,4,625,1,1067.0,1,9600.0,60.0,0.0,0,7,4,1067.0,1950,128000
4.0,0,0,1,1020,1,1928.0,3,9142.0,69.0,0.0,60,8,6,1020.0,1910,137000
5.0,0,790,1,133,0,2761.375,1,16692.0,80.0,184.0,112,5,7,1392.0,1978,250000
3.0,1,975,5,133,0,2097.0,1,9750.0,75.0,0.0,170,6,7,1108.0,1998,274300
2.0,1,538,1,278,1,816.0,0,5890.0,69.0,0.0,0,8,6,816.0,1930,120500
3.0,1,985,5,595,2,1953.0,1,17869.125,69.0,0.0,231,5,6,1580.0,1992,240000
2.0,0,1158,5,343,2,1659.0,2,5664.0,40.0,0.0,59,5,8,1501.0,2000,278000
3.0,3,306,2,372,1,1779.0,0,17869.125,102.0,0.0,418,4,5,1763.0,1955,170000
2.0,1,16,5,1232,2,1248.0,1,3010.0,43.0,16.0,0,5,7,1248.0,2005,167240
3.0,0,738,1,319,2,1929.0,1,7050.0,69.0,0.0,235,5,7,1057.0,2001,226000
3.0,2,978,2,284,0,1262.0,0,9600.0,80.0,0.0,0,8,6,1262.0,1976,181500
4.0,1,984,5,280,1,2696.0,2,9965.0,77.0,220.0,184,5,7,1264.0,2007,383970
3.0,0,553,5,224,1,894.0,0,8450.0,65.0,0.0,144,8,5,894.0,1965,138500
3.0,0,0,1,482,1,1912.0,0,10800.0,60.0,0.0,25,7,6,482.0,1905,163000
3.0,0,641,4,187,1,965.0,0,7800.0,60.0,0.0,0,5,5,828.0,1965,119900
4.0,1,0,1,912,1,1824.0,0,9400.0,94.0,0.0,0,5,6,912.0,1971,139000
3.0,2,0,1,1753,0,1787.0,1,14781.0,69.0,178.0,150,5,8,1753.0,2001,275000
4.0,0,133,2,1307,1,1440.0,3,12108.0,92.0,270.0,0,4,4,1440.0,1955,118000
3.0,0,280,4,752,1,1252.0,0,9600.0,80.0,0.0,0,5,6,1032.0,1950,119000
2.0,2,1314,5,672,2,1987.0,1,14303.0,91.0,415.0,36,5,8,1986.0,1994,301500
3.0,1,920,4,38,0,1181.0,0,10012.0,90.0,0.0,0,5,4,1138.0,1972,137500
3.0,0,0,1,936,2,1792.0,0,10261.0,93.0,318.0,0,5,6,936.0,2000,186500
2.0,0,0,1,864,1,864.0,0,4060.0,56.0,0.0,96,8,5,864.0,1922,99900
3.0,3,776,2,344,0,1128.0,0,8700.0,80.0,148.0,20,6,5,1120.0,1963,155000
3.0,1,0,1,1088,0,1959.0,1,9000.0,75.0,0.0,46,5,8,1088.0,2006,270000
4.0,0,0,1,756,1,1839.0,0,7700.0,70.0,351.0,124,5,6,756.0,1966,155000
3.0,0,0,1,876,1,904.0,0,7162.0,69.0,41.0,0,7,5,876.0,1966,109900
3.0,3,532,3,364,1,1040.0,1,8800.0,61.0,0.0,0,7,5,1040.0,1977,150500
2.0,0,0,1,918,1,918.0,0,7892.0,55.0,0.0,0,5,6,918.0,1979,99500
3.0,1,674,4,350,0,1520.0,0,9600.0,80.0,164.0,0,6,6,1156.0,1955,153000
3.0,0,822,2,564,2,1411.0,0,11900.0,85.0,209.0,0,5,7,1386.0,1977,82500
3.0,0,319,0,416,1,2058.0,0,9600.0,60.0,0.0,0,5,6,735.0,1917,129500
4.0,1,0,1,697,1,2201.0,1,17869.125,69.0,0.0,236,7,6,697.0,1966,274970
3.0,0,0,1,746,2,1656.0,1,6931.0,60.0,92.0,128,5,7,746.0,2003,165400
3.0,2,1443,5,39,0,1494.0,1,16196.0,69.0,0.0,25,5,7,1482.0,1998,215000
3.0,0,0,1,650,1,1564.0,0,8400.0,70.0,130.0,50,6,6,650.0,1980,171000
3.0,0,282,2,664,1,981.0,0,10530.0,69.0,0.0,312,5,6,981.0,1971,143250
3.0,0,0,1,602,1,1502.0,1,10592.0,55.0,0.0,0,7,6,602.0,1923,165000
2.0,0,895,0,197,2,1092.0,0,14850.0,69.0,0.0,0,5,5,1092.0,1957,141000
3.0,0,182,0,611,1,1520.0,0,4500.0,55.0,0.0,0,5,5,793.0,1932,159434
3.0,1,328,3,285,1,1320.0,0,11777.0,96.0,97.0,68,6,5,1164.0,1966,164500
3.0,3,1039,5,797,2,1836.0,1,11362.0,107.0,42.0,185,5,8,1836.0,2004,280000
4.0,0,0,1,925,1,1889.0,0,10120.0,60.0,0.0,0,4,7,925.0,1910,122000
2.0,0,821,1,299,1,1130.0,0,10800.0,60.0,0.0,0,6,5,1120.0,1920,120000
3.0,0,719,1,660,2,2398.0,1,11787.0,95.0,415.0,60,5,7,1379.0,1996,315750
3.0,3,297,0,0,1,1991.0,0,11275.0,69.0,415.0,0,7,6,854.0,1932,220000
2.0,1,1260,5,578,1,1838.0,2,14601.0,85.0,415.0,68,5,9,1838.0,2006,315000
4.0,0,371,2,292,2,1352.0,0,9364.0,80.0,143.0,36,7,6,663.0,1969,158000
3.0,0,919,5,801,2,1720.0,1,10593.0,59.0,338.0,56,5,7,1720.0,1996,260400
4.0,0,319,0,539,2,1716.0,0,9247.0,70.0,318.0,84,6,6,858.0,1962,171000
3.0,0,588,2,411,1,999.0,1,7758.0,69.0,0.0,132,7,5,999.0,1962,132500
3.0,0,310,1,370,2,1470.0,0,9765.0,69.0,68.0,63,8,6,680.0,1993,185000
2.0,0,1024,5,108,2,1132.0,1,7024.0,60.0,0.0,64,5,4,1132.0,2005,176000
4.0,3,0,1,1163,2,1674.0,0,17869.125,66.0,0.0,36,7,6,1163.0,1918,185000
2.0,0,266,5,1139,2,1337.0,1,4060.0,34.0,0.0,68,5,6,1405.0,1998,181000
3.0,0,0,1,1349,1,1349.0,0,8450.0,65.0,108.0,55,5,7,1349.0,2000,179000
3.0,0,1148,4,0,1,1148.0,0,7931.0,70.0,0.0,0,5,5,1148.0,1959,132500
3.0,0,226,3,192,0,1683.0,0,11184.0,70.0,92.0,0,5,6,918.0,1978,172500
3.0,0,0,1,546,1,1344.0,0,1533.0,31.5,0.0,0,6,4,546.0,1970,97000
3.0,0,0,1,1140,1,1696.0,0,13673.0,40.0,0.0,30,5,5,1140.0,1962,143900
3.0,0,0,1,0,0,882.0,0,8339.0,69.0,0.0,0,7,5,41.125,1959,106500
3.0,0,0,1,712,2,1895.0,1,10832.0,69.0,0.0,46,5,7,712.0,1994,194500
2.0,0,0,1,894,1,894.0,0,6600.0,60.0,0.0,0,5,5,894.0,1962,109500
4.0,0,540,2,324,0,1812.0,0,7590.0,69.0,288.0,168,5,5,864.0,1962,169500
3.0,0,394,1,586,1,1714.0,0,10421.0,80.0,42.0,66,5,7,980.0,1988,196500
3.0,0,814,5,300,1,1114.0,1,13695.0,66.0,0.0,78,5,6,1114.0,2003,155000
3.0,1,0,1,1689,0,1689.0,1,9849.0,83.0,0.0,56,6,7,1689.0,2007,248328
3.0,0,368,0,359,1,1376.0,0,9492.0,79.0,0.0,0,5,5,768.0,1941,105000
4.0,2,1410,1,542,2,2704.0,2,13860.0,75.0,0.0,111,7,8,1952.0,1972,345000
3.0,1,990,5,309,0,1872.0,2,11885.0,69.0,108.0,122,5,8,1299.0,2001,261500
2.0,2,696,4,162,1,858.0,0,7207.0,50.0,0.0,0,7,5,858.0,1958,116500
3.0,0,375,1,250,1,864.0,1,6960.0,60.0,0.0,0,6,4,864.0,1970,120500
3.0,1,1059,5,567,1,1668.0,1,11248.0,90.0,215.0,45,5,9,1626.0,2002,285000
2.0,0,108,2,350,1,835.0,0,10625.0,85.0,0.0,0,5,5,458.0,1920,83000
2.0,0,812,3,124,1,1128.0,0,9000.0,75.0,0.0,0,5,5,936.0,1954,118000
3.0,0,0,1,1064,1,1639.0,0,10480.0,51.0,0.0,0,5,6,1064.0,1936,115000
2.0,0,698,2,420,1,1214.0,0,9170.0,70.0,0.0,0,7,5,1214.0,1965,140000
4.0,0,298,0,429,1,1556.0,0,11700.0,78.0,0.0,0,6,6,727.0,1968,154000
2.0,1,659,5,705,0,1364.0,1,7052.0,43.0,240.0,36,5,7,1364.0,2005,185850
4.0,0,0,1,964,2,2236.0,1,13006.0,69.0,285.0,0,5,7,964.0,1997,222000
2.0,2,975,5,0,1,1004.0,0,10530.0,78.0,90.0,0,5,6,975.0,1977,135000
2.0,0,0,1,1121,0,1121.0,0,8546.0,80.0,0.0,64,5,4,1121.0,2003,140000
3.0,0,570,0,891,0,1721.0,0,10335.0,78.0,0.0,96,6,5,1461.0,1968,180000
3.0,1,0,1,1316,2,1316.0,1,11175.0,103.0,0.0,20,5,7,1316.0,2007,200141
3.0,0,643,0,445,1,1324.0,0,8658.0,84.0,101.0,138,5,6,1088.0,1965,160000
1.0,1,1036,5,184,0,1360.0,1,5814.0,69.0,0.0,0,5,8,1220.0,1984,187500
3.0,0,0,1,1194,0,1194.0,0,8760.0,73.0,220.0,0,6,6,1194.0,1959,148000
1.0,1,1445,5,411,2,1856.0,2,11394.0,88.0,350.0,0,2,9,1856.0,2010,394432
3.0,0,450,4,432,1,900.0,0,9819.0,69.0,31.0,0,5,5,882.0,1967,122000
3.0,0,312,2,444,1,1134.0,0,8160.0,60.0,0.0,0,6,5,756.0,1940,126000
3.0,0,690,2,114,2,1961.0,1,12209.0,71.0,0.0,192,5,6,804.0,2001,215000
2.0,0,816,1,0,2,816.0,0,6600.0,60.0,0.0,0,8,5,816.0,1982,138000
3.0,0,492,4,402,1,894.0,0,8724.0,107.5,0.0,0,5,5,894.0,1968,129000
3.0,0,334,4,212,0,1092.0,0,1974.0,69.0,0.0,96,5,4,546.0,1973,83500
3.0,3,500,0,594,1,1094.0,0,10452.0,85.0,216.0,0,5,6,1094.0,1953,155000
2.0,0,296,2,230,2,1811.0,2,14115.0,90.0,0.0,0,7,6,1073.0,1956,230000
3.0,0,0,1,0,1,1294.0,0,10800.0,60.0,0.0,114,7,4,41.125,1900,106250
3.0,0,739,5,318,0,2034.0,1,9375.0,69.0,415.0,36,5,7,1057.0,1997,219500
3.0,0,733,4,520,0,1253.0,0,10920.0,69.0,212.0,213,5,6,1253.0,1960,157000
4.0,0,1216,3,0,2,2514.0,0,11170.0,69.0,0.0,0,5,7,1216.0,1990,250000
3.0,3,740,4,184,0,1154.0,0,11000.0,69.0,200.0,58,6,5,1154.0,1966,154000
3.0,0,0,1,728,0,1456.0,0,15578.0,105.0,0.0,0,5,6,728.0,2006,172785
3.0,0,0,1,982,2,1800.0,0,8123.0,60.0,16.0,63,5,6,982.0,2000,179000
3.0,0,0,1,660,1,1656.0,0,10410.0,60.0,0.0,0,7,5,660.0,1916,135000
3.0,3,1163,5,89,1,2365.0,1,9430.0,82.0,415.0,128,5,8,1252.0,1999,337000
3.0,3,946,5,490,1,1436.0,1,8450.0,65.0,266.0,98,5,7,1436.0,2004,210000
3.0,1,539,2,490,0,1062.0,0,11333.0,69.0,0.0,0,5,6,1029.0,1976,146800
3.0,0,626,2,170,1,1466.0,1,10800.0,60.0,0.0,21,8,5,796.0,1936,170000
3.0,1,899,2,210,1,1155.0,1,11782.0,88.0,0.0,0,7,5,1109.0,1961,148000
3.0,1,810,5,726,0,1536.0,1,9135.0,70.0,113.0,74,5,7,1536.0,2002,214000
3.0,2,523,1,448,1,971.0,0,9920.0,69.0,0.0,0,6,5,971.0,1969,128500
3.0,1,819,5,184,1,1003.0,0,7937.0,37.0,0.0,0,6,6,1003.0,1984,142500
3.0,2,690,5,814,2,1504.0,1,11883.0,73.0,196.0,66,5,7,1504.0,1996,203000
4.0,0,220,0,708,1,1920.0,0,11345.0,95.0,415.0,0,5,5,928.0,1948,137000
3.0,0,916,2,326,1,1242.0,0,9600.0,80.0,320.0,0,6,7,1242.0,1973,175500
4.0,0,275,5,877,0,2340.0,1,9042.0,66.0,0.0,60,9,7,1152.0,1941,266500
3.0,0,0,1,1649,0,1661.0,1,12137.0,48.0,415.0,34,5,7,1649.0,1998,224900
3.0,0,751,4,392,0,1113.0,0,7917.0,69.0,174.0,30,7,6,1143.0,1976,148000
3.0,0,384,2,363,1,1230.0,0,4712.0,51.0,0.0,57,7,4,747.0,1946,121600
3.0,0,641,2,276,1,1279.0,0,10125.0,75.0,0.0,83,6,6,1196.0,1977,171500
3.0,1,1016,5,556,2,2668.0,2,13688.0,107.5,415.0,0,5,9,1572.0,2003,412500
2.0,0,152,4,628,1,1208.0,0,6240.0,52.0,0.0,23,5,4,780.0,1925,103000
3.0,1,24,5,1286,2,1310.0,1,8767.0,65.0,0.0,0,5,7,1310.0,2005,164990
4.0,0,0,1,1234,2,2576.0,2,12438.0,82.0,415.0,100,5,8,1234.0,2006,361919
2.0,2,936,5,0,1,936.0,0,7200.0,60.0,180.0,0,5,5,936.0,1980,140000
4.0,0,0,1,806,1,1647.0,3,6858.0,66.0,0.0,66,4,6,806.0,1915,128000
2.0,1,684,5,515,0,1220.0,1,7406.0,64.0,84.0,54,5,7,1199.0,2006,194000
3.0,0,138,3,276,1,882.0,0,7700.0,70.0,0.0,0,5,5,882.0,1972,112500
3.0,0,0,1,630,1,1302.0,0,2016.0,31.5,304.0,0,5,5,630.0,1970,106000
3.0,0,0,1,1424,1,1442.0,0,11851.0,99.0,0.0,34,5,7,1424.0,1990,180500
2.0,0,1153,5,408,2,1561.0,2,7313.0,60.0,246.0,47,5,9,1561.0,2005,277500
2.0,0,866,5,338,1,1204.0,0,4500.0,32.0,320.0,247,5,6,1204.0,1998,162000
3.0,0,141,0,548,1,1378.0,1,9600.0,60.0,0.0,0,9,7,689.0,1928,161000
1.0,1,697,5,151,0,848.0,1,4426.0,69.0,147.0,0,5,6,848.0,2004,149300
3.0,1,1400,5,125,0,1525.0,1,9100.0,70.0,244.0,36,5,7,1525.0,2000,235000
2.0,0,600,0,635,1,1235.0,0,8500.0,85.0,203.0,0,3,5,1235.0,1961,98600
3.0,0,0,1,616,2,1412.0,1,8499.0,73.0,0.0,36,5,6,616.0,2006,156932
6.0,0,0,1,0,1,2240.0,0,7018.0,64.0,0.0,0,5,5,41.125,1979,142953
4.0,0,728,5,367,0,2295.0,1,13346.0,69.0,0.0,40,5,7,1095.0,1992,268000
3.0,1,370,4,315,2,1668.0,1,10635.0,48.0,171.0,262,5,8,1657.0,2003,232000
3.0,1,20,5,1594,0,1614.0,1,11210.0,86.0,240.0,59,5,7,1614.0,2005,221500
2.0,0,329,2,357,1,866.0,1,3880.0,40.0,0.0,42,9,5,686.0,1945,110500
3.0,1,0,1,1494,0,1494.0,1,10652.0,91.0,306.0,33,5,7,1494.0,2006,279500
3.0,0,425,1,291,2,1432.0,1,7795.0,71.0,0.0,51,5,7,716.0,2004,188500
3.0,1,546,5,512,2,1904.0,2,10927.0,74.0,280.0,60,5,8,1058.0,2005,275000
3.0,1,631,2,410,1,1125.0,0,7200.0,72.0,255.0,0,6,6,1041.0,1976,125000
2.0,2,547,5,0,2,1072.0,0,3675.0,35.0,82.0,44,5,6,547.0,2005,140000
2.0,0,379,3,470,2,1867.0,0,10708.0,69.0,0.0,0,5,5,1617.0,1955,190000
3.0,0,156,4,516,1,1482.0,3,12155.0,69.0,0.0,0,8,6,672.0,1925,140000
4.0,1,0,1,1158,0,2376.0,1,14215.0,101.0,380.0,154,5,8,1158.0,2005,325300
3.0,0,0,1,0,1,1048.0,0,7200.0,60.0,0.0,27,5,5,41.125,1950,98300
4.0,2,454,2,410,1,1820.0,1,13700.0,69.0,288.0,84,6,7,864.0,1965,201800
2.0,0,0,1,600,0,1200.0,1,3180.0,31.5,0.0,166,5,7,600.0,2005,151000
3.0,2,0,1,2002,2,2018.0,2,13214.0,89.0,0.0,76,5,9,2002.0,2008,378500
3.0,0,290,4,706,1,996.0,0,13907.0,63.0,0.0,0,6,5,996.0,1940,108000
1.0,1,686,5,162,2,848.0,1,4435.0,37.0,170.0,0,5,6,848.0,2003,136500
3.0,0,0,1,874,2,1761.0,1,10207.0,84.0,0.0,105,6,7,874.0,2007,227875
3.0,0,417,0,640,2,1057.0,0,7420.0,70.0,0.0,0,5,5,1057.0,1962,132000
0.0,1,1153,5,440,2,1593.0,2,4923.0,41.0,0.0,120,5,8,1593.0,2001,286000
3.0,0,641,5,32,1,1382.0,1,2651.0,69.0,0.0,50,5,7,673.0,2000,165000
2.0,3,16,1,1375,1,1391.0,1,4282.0,59.0,0.0,158,5,7,1391.0,2004,196000
2.0,0,650,4,178,1,1363.0,0,14559.0,75.0,70.0,42,7,5,1008.0,1951,164900
3.0,0,0,1,1459,0,1459.0,1,8749.0,70.0,100.0,39,5,7,1459.0,2002,192000
2.0,1,1196,5,298,0,1652.0,2,5330.0,41.0,0.0,48,5,8,1494.0,2000,251000
3.0,2,505,5,0,1,1026.0,0,10970.0,69.0,0.0,0,6,6,940.0,1978,147000
4.0,0,0,1,1240,1,2640.0,1,11700.0,65.0,0.0,0,7,7,1240.0,1880,265979
3.0,0,0,1,798,0,1640.0,1,8366.0,65.0,0.0,45,5,6,798.0,2004,173000
3.0,0,0,1,637,1,1108.0,1,7449.0,57.0,0.0,0,7,7,637.0,1930,139400
2.0,0,0,1,693,1,693.0,3,4118.0,107.5,0.0,20,4,4,693.0,1941,52500
3.0,0,185,3,524,1,1203.0,1,7015.0,69.0,161.0,0,4,5,709.0,1950,110000
3.0,2,1159,0,413,0,1572.0,0,17869.125,50.0,226.0,263,4,5,1572.0,1963,186700
3.0,0,0,1,1560,2,1560.0,1,9196.0,107.5,0.0,150,5,7,1560.0,2003,201000
4.0,0,484,0,495,1,1958.0,0,7136.0,82.0,415.0,0,6,6,979.0,1946,145000
3.0,0,180,0,340,1,894.0,0,7094.0,99.0,0.0,0,5,5,894.0,1966,125000
2.0,0,24,5,1232,2,1269.0,1,3182.0,43.0,16.0,20,5,8,1256.0,2004,192000
3.0,0,0,1,1417,0,1428.0,2,12274.0,91.0,256.0,60,5,7,1417.0,2008,227680
2.0,1,1336,5,596,2,1932.0,2,12444.0,96.0,415.0,66,5,8,1932.0,2008,394617
2.0,0,28,5,1656,0,1684.0,2,8849.0,63.0,415.0,72,5,9,1684.0,2005,266000
4.0,2,1416,2,234,2,2761.375,2,17869.125,47.0,415.0,36,5,8,1650.0,2003,538000
2.0,3,690,2,126,1,816.0,0,8877.0,67.0,0.0,0,6,4,816.0,1938,100000
4.0,0,445,0,479,1,2157.0,1,14200.0,88.0,309.0,66,6,7,924.0,1966,226000
3.0,0,505,5,299,0,1682.0,1,8750.0,70.0,116.0,77,5,6,804.0,1998,200500
2.0,0,0,1,698,1,698.0,0,9405.0,50.0,0.0,200,9,5,698.0,1947,118000
3.0,1,353,4,60,1,1687.0,0,17869.125,69.0,0.0,0,5,5,747.0,1948,160000
3.0,1,0,1,612,0,1224.0,1,3951.0,40.0,76.0,234,5,6,612.0,2009,164500
6.0,0,40,5,1424,1,1728.0,0,10624.0,69.0,84.0,0,4,5,1728.0,1964,119000
3.0,0,0,1,1141,1,1141.0,0,13072.0,63.0,0.0,0,5,6,1141.0,2005,142500
2.0,2,778,5,499,1,1277.0,0,10628.0,85.0,0.0,0,5,7,1277.0,1970,167000
3.0,0,0,1,732,1,1123.0,0,6060.0,50.0,0.0,0,5,4,732.0,1939,100000
4.0,0,1104,2,1420,2,2524.0,1,9600.0,80.0,0.0,120,5,8,2054.125,1981,278000
3.0,0,24,5,1290,0,1314.0,1,9317.0,78.0,0.0,22,5,6,1314.0,2006,176432
4.0,0,622,4,500,1,1981.0,1,7804.0,65.0,0.0,44,3,4,1122.0,1928,135000
2.0,0,167,0,697,1,864.0,0,8172.0,60.0,0.0,0,7,5,864.0,1955,115000
3.0,0,0,1,912,1,1426.0,1,7642.0,55.0,0.0,240,8,7,912.0,1918,189950
2.0,0,0,1,1373,2,1555.0,1,3684.0,53.0,130.0,20,5,7,1373.0,2007,174000
